timestamp_utc,symbol,interval,signal,trade_direction,open,high,low,close,candle_dir,total_volume,vol_ratio_vs_avg,delta,delta_ratio,poc_price,max_bull_stacked,max_bear_stacked,confluence_score,confluence_stars,follow_through,is_news_candle
2021-12-31 23:01,BTCUSDT,1m,BULL_ABSORPTION,LONG,46370.59,46391.01,46362.0,46391.0,BULL,8.6778,0.173,3.1854,0.3671,46360.0,0,0,0,2,YES,NO
2021-12-31 23:02,BTCUSDT,1m,NONE,—,46391.0,46427.39,46391.0,46422.5,BULL,21.9457,0.438,-0.9611,0.0438,46390.0,0,0,0,1,N/A,NO
2021-12-31 23:03,BTCUSDT,1m,CVD_DIV,SHORT,46422.5,46422.5,46412.68,46413.64,BEAR,5.0896,0.101,-0.9104,0.1789,46415.0,0,0,0,1,NO,NO
2021-12-31 23:04,BTCUSDT,1m,NONE,—,46413.62,46428.08,46412.68,46423.88,BULL,4.5885,0.091,1.7001,0.3705,46415.0,0,0,0,1,N/A,NO
2021-12-31 23:05,BTCUSDT,1m,BULL_ABSORPTION,LONG,46423.88,46428.91,46415.22,46422.23,BEAR,5.4534,0.109,1.8042,0.3308,46415.0,0,0,0,2,NO,NO
2021-12-31 23:06,BTCUSDT,1m,BULL_ABSORPTION,LONG,46426.46,46426.46,46364.49,46412.59,BEAR,40.5468,0.808,-29.3964,0.725,46365.0,0,12,0,3,NO,NO
2021-12-31 23:07,BTCUSDT,1m,BULL_ABSORPTION,LONG,46412.59,46412.6,46395.31,46401.65,BEAR,5.2809,0.105,-0.7503,0.1421,46395.0,0,0,0,1,YES,NO
2021-12-31 23:08,BTCUSDT,1m,BULL_ABSORPTION,LONG,46401.64,46420.0,46363.23,46410.0,BULL,15.0106,0.299,2.5718,0.1713,46365.0,0,0,0,2,YES,NO
2021-12-31 23:09,BTCUSDT,1m,BEAR_ABSORPTION,SHORT,46410.0,46450.0,46410.0,46431.3,BULL,10.112,0.202,1.4944,0.1478,46410.0,0,0,0,2,NO,NO
2021-12-31 23:10,BTCUSDT,1m,BULL_ABSORPTION,LONG,46431.3,46448.08,46416.09,46444.05,BULL,12.2148,0.244,6.3972,0.5237,46415.0,6,0,0,2,NO,NO
2021-12-31 23:11,BTCUSDT,1m,BULL_ABSORPTION,LONG,46444.06,46444.9,46392.0,46415.97,BEAR,10.4225,0.208,1.2903,0.1238,46390.0,0,0,0,1,YES,NO
2021-12-31 23:12,BTCUSDT,1m,BULL_ABSORPTION,LONG,46415.96,46435.0,46404.0,46432.35,BULL,5.7504,0.115,0.2628,0.0457,46405.0,0,0,0,1,YES,NO
2021-12-31 23:13,BTCUSDT,1m,NONE,—,46432.35,46464.86,46432.34,46458.45,BULL,9.3457,0.186,1.4917,0.1596,46430.0,0,0,0,1,N/A,NO
2021-12-31 23:14,BTCUSDT,1m,DELTA_DIV,LONG,46456.21,46467.67,46426.72,46430.04,BEAR,8.624,0.172,1.8528,0.2148,46425.0,0,0,0,1,YES,NO
2021-12-31 23:15,BTCUSDT,1m,BEAR_ABSORPTION,SHORT,46429.65,46449.9,46429.65,46435.46,BULL,14.726,0.294,6.0596,0.4115,46430.0,0,0,0,2,YES,NO
2021-12-31 23:16,BTCUSDT,1m,EXHAUSTION_BEAR,LONG,46435.47,46435.51,46406.0,46406.28,BEAR,9.6048,0.191,-1.1304,0.1177,46405.0,0,0,0,1,YES,NO
2021-12-31 23:17,BTCUSDT,1m,CVD_DIV,LONG,46406.0,46467.67,46406.0,46465.44,BULL,18.6756,0.372,7.0476,0.3774,46405.0,0,0,0,1,NO,NO
2021-12-31 23:18,BTCUSDT,1m,BULL_ABSORPTION,LONG,46465.44,46467.64,46446.79,46465.43,BEAR,7.9768,0.159,-0.8616,0.108,46445.0,0,0,0,1,NO,NO
2021-12-31 23:19,BTCUSDT,1m,NONE,—,46465.43,46465.43,46457.41,46457.41,BEAR,5.552,0.111,-0.9692,0.1746,46455.0,0,0,0,1,N/A,NO
2021-12-31 23:20,BTCUSDT,1m,CVD_DIV,LONG,46457.41,46457.42,46417.08,46418.57,BEAR,7.1992,0.144,1.1688,0.1624,46415.0,0,0,0,1,NO,NO
2021-12-31 23:21,BTCUSDT,1m,NONE,—,46418.55,46431.32,46368.0,46373.87,BEAR,13.4394,0.268,-2.7274,0.2029,46370.0,0,0,0,1,N/A,NO
2021-12-31 23:22,BTCUSDT,1m,BULL_ABSORPTION,LONG,46373.87,46377.81,46350.67,46359.99,BEAR,10.046,0.2,2.397,0.2386,46350.0,0,0,0,2,YES,NO
2021-12-31 23:23,BTCUSDT,1m,NONE,—,46361.98,46391.94,46358.33,46380.95,BULL,6.9657,0.139,0.9051,0.1299,46360.0,0,0,0,1,N/A,NO
2021-12-31 23:24,BTCUSDT,1m,NONE,—,46380.95,46397.59,46380.95,46397.59,BULL,11.3505,0.226,5.1441,0.4532,46380.0,0,0,0,1,N/A,NO
2021-12-31 23:25,BTCUSDT,1m,BULL_ABSORPTION,LONG,46397.59,46400.58,46376.98,46384.05,BEAR,9.928,0.198,-2.532,0.255,46375.0,0,0,0,1,YES,NO
2021-12-31 23:26,BTCUSDT,1m,NONE,—,46384.05,46432.51,46384.05,46418.4,BULL,13.621,0.272,4.083,0.2998,46385.0,0,0,0,1,N/A,NO
2021-12-31 23:27,BTCUSDT,1m,BULL_ABSORPTION,LONG,46418.39,46427.1,46405.95,46427.1,BULL,14.5648,0.29,7.4368,0.5106,46405.0,4,0,0,2,NO,NO
2021-12-31 23:28,BTCUSDT,1m,BULL_ABSORPTION,LONG,46427.1,46427.1,46406.58,46410.86,BEAR,5.2668,0.105,-0.4292,0.0815,46405.0,0,0,0,1,NO,NO
2021-12-31 23:29,BTCUSDT,1m,NONE,—,46410.86,46410.87,46350.43,46350.44,BEAR,15.6864,0.313,-8.6928,0.5542,46350.0,0,12,0,2,N/A,NO
2021-12-31 23:30,BTCUSDT,1m,NONE,—,46350.44,46398.99,46350.01,46383.61,BULL,14.543,0.29,2.365,0.1626,46350.0,0,0,0,1,N/A,NO
2021-12-31 23:31,BTCUSDT,1m,NONE,—,46383.61,46399.81,46381.27,46399.79,BULL,9.958,0.199,-1.9524,0.1961,46380.0,0,0,0,1,N/A,NO
2021-12-31 23:32,BTCUSDT,1m,BEAR_ABSORPTION,SHORT,46399.79,46410.65,46384.9,46387.11,BEAR,3.932,0.078,-1.189,0.3024,46385.0,0,0,0,2,NO,NO
2021-12-31 23:33,BTCUSDT,1m,CVD_DIV,LONG,46387.11,46517.2,46365.74,46469.23,BULL,36.9,0.736,13.212,0.358,46365.0,0,0,0,1,YES,NO
2021-12-31 23:34,BTCUSDT,1m,BEAR_ABSORPTION,SHORT,46462.28,46482.59,46457.51,46468.22,BULL,13.4775,0.269,2.3025,0.1708,46460.0,0,0,0,1,YES,NO
2021-12-31 23:35,BTCUSDT,1m,NONE,—,46468.22,46468.23,46407.27,46408.16,BEAR,10.968,0.219,0.7032,0.0641,46405.0,0,0,0,1,N/A,NO
2021-12-31 23:36,BTCUSDT,1m,EXHAUSTION_BEAR,LONG,46412.96,46442.9,46406.03,46433.6,BULL,6.3427,0.126,0.7973,0.1257,46405.0,0,0,0,1,NO,NO
2021-12-31 23:37,BTCUSDT,1m,BULL_ABSORPTION,LONG,46431.57,46433.6,46375.6,46410.38,BEAR,7.8756,0.157,0.7164,0.091,46375.0,0,0,0,1,NO,NO
2021-12-31 23:38,BTCUSDT,1m,NONE,—,46410.38,46410.39,46401.64,46403.57,BEAR,5.7088,0.114,-0.6904,0.1209,46400.0,0,0,0,1,N/A,NO
2021-12-31 23:39,BTCUSDT,1m,NONE,—,46403.58,46403.58,46381.67,46383.95,BEAR,6.87,0.137,-3.874,0.5639,46380.0,0,4,0,2,N/A,NO
2021-12-31 23:40,BTCUSDT,1m,NONE,—,46383.94,46433.14,46382.71,46423.89,BULL,6.964,0.139,0.044,0.0063,46385.0,0,0,0,1,N/A,NO
2021-12-31 23:41,BTCUSDT,1m,BULL_ABSORPTION,LONG,46423.9,46428.85,46413.6,46428.73,BULL,6.0147,0.12,1.0605,0.1763,46415.0,0,0,0,1,NO,NO
2021-12-31 23:42,BTCUSDT,1m,DELTA_DIV,LONG,46428.74,46446.57,46390.0,46399.76,BEAR,16.5407,0.33,5.1469,0.3112,46390.0,0,0,0,1,YES,NO
2021-12-31 23:43,BTCUSDT,1m,NONE,—,46399.76,46433.06,46392.0,46433.05,BULL,11.5136,0.23,-1.0352,0.0899,46390.0,0,0,0,1,N/A,NO
2021-12-31 23:44,BTCUSDT,1m,BEAR_ABSORPTION,SHORT,46433.05,46520.13,46424.06,46465.54,BULL,31.578,0.63,12.122,0.3839,46425.0,0,0,0,1,YES,NO
2021-12-31 23:45,BTCUSDT,1m,BULL_ABSORPTION,LONG,46465.54,46465.55,46413.42,46433.8,BEAR,25.709,0.513,17.159,0.6674,46415.0,10,0,0,3,NO,NO
2021-12-31 23:46,BTCUSDT,1m,BULL_ABSORPTION,LONG,46433.8,46433.81,46392.03,46406.78,BEAR,13.9744,0.279,-2.0496,0.1467,46390.0,0,0,0,2,YES,NO
2021-12-31 23:47,BTCUSDT,1m,BEAR_ABSORPTION,SHORT,46411.44,46448.97,46404.08,46414.99,BULL,11.7954,0.235,4.8438,0.4107,46405.0,0,0,0,2,YES,NO
2021-12-31 23:48,BTCUSDT,1m,NONE,—,46414.99,46415.37,46382.21,46386.19,BEAR,10.2515,0.204,1.0325,0.1007,46380.0,0,0,0,1,N/A,NO
2021-12-31 23:49,BTCUSDT,1m,BULL_ABSORPTION,LONG,46386.18,46395.19,46379.0,46390.82,BULL,5.6187,0.112,-0.1917,0.0341,46380.0,0,0,0,2,NO,NO
2021-12-31 23:50,BTCUSDT,1m,NONE,—,46391.42,46391.42,46347.8,46347.81,BEAR,19.9638,0.398,-7.398,0.3706,46350.0,0,0,0,1,N/A,NO
2021-12-31 23:51,BTCUSDT,1m,BULL_ABSORPTION,LONG,46347.81,46366.09,46328.75,46362.4,BULL,19.9591,0.398,5.4565,0.2734,46330.0,0,0,0,1,NO,NO
2021-12-31 23:52,BTCUSDT,1m,NONE,—,46362.4,46362.4,46349.21,46355.0,BEAR,9.5742,0.191,1.1466,0.1198,46350.0,0,0,0,1,N/A,NO
2021-12-31 23:53,BTCUSDT,1m,NONE,—,46355.0,46355.0,46304.03,46312.0,BEAR,37.268,0.743,-20.108,0.5396,46305.0,0,10,0,2,N/A,NO
2021-12-31 23:54,BTCUSDT,1m,NONE,—,46312.0,46319.06,46275.15,46285.8,BEAR,32.4945,0.648,-14.9589,0.4604,46275.0,0,0,0,1,N/A,NO
2021-12-31 23:55,BTCUSDT,1m,EXHAUSTION_BEAR,LONG,46285.79,46285.8,46250.55,46252.69,BEAR,16.6327,0.332,0.6027,0.0362,46250.0,0,0,0,1,NO,NO
2021-12-31 23:56,BTCUSDT,1m,BEAR_ABSORPTION,SHORT,46252.68,46279.4,46242.46,46249.99,BEAR,18.5241,0.369,13.2181,0.7136,46240.0,7,0,0,3,YES,NO
2021-12-31 23:57,BTCUSDT,1m,BEAR_ABSORPTION,SHORT,46250.0,46275.71,46248.33,46248.35,BEAR,32.623,0.65,21.394,0.6558,46250.0,5,0,0,3,YES,NO
2021-12-31 23:58,BTCUSDT,1m,BULL_ABSORPTION,LONG,46248.35,46248.36,46132.04,46186.33,BEAR,54.1167,1.079,-21.0565,0.3891,46130.0,0,0,0,3,YES,NO
2021-12-31 23:59,BTCUSDT,1m,NONE,—,46186.33,46233.1,46179.63,46216.93,BULL,23.1231,0.461,-4.1349,0.1788,46180.0,0,0,0,1,N/A,NO
2022-01-01 00:00,BTCUSDT,1m,NONE,—,46216.93,46271.08,46208.37,46250.0,BULL,40.5756,0.809,13.9464,0.3437,46210.0,0,0,0,1,N/A,NO
2022-01-01 00:01,BTCUSDT,1m,NONE,—,46250.0,46344.23,46234.39,46312.76,BULL,42.3808,0.845,15.4704,0.365,46235.0,0,0,0,1,N/A,NO
2022-01-01 00:02,BTCUSDT,1m,NONE,—,46312.76,46381.69,46292.75,46368.73,BULL,51.3,1.023,-5.8032,0.1131,46295.0,0,0,0,1,N/A,NO
2022-01-01 00:03,BTCUSDT,1m,EXHAUSTION_BULL,SHORT,46368.73,46391.49,46314.26,46331.08,BEAR,30.459,0.607,1.785,0.0586,46315.0,0,0,0,1,YES,NO
2022-01-01 00:04,BTCUSDT,1m,BULL_ABSORPTION,LONG,46331.07,46336.1,46300.0,46321.34,BEAR,20.9601,0.418,2.0209,0.0964,46300.0,0,0,0,1,YES,NO
2022-01-01 00:05,BTCUSDT,1m,NONE,—,46321.34,46443.56,46280.0,46436.03,BULL,35.8677,0.715,4.0161,0.112,46280.0,0,0,0,1,N/A,NO
2022-01-01 00:06,BTCUSDT,1m,NONE,—,46436.03,46518.32,46432.5,46518.31,BULL,29.3199,0.585,-2.0621,0.0703,46430.0,0,0,0,1,N/A,NO
2022-01-01 00:07,BTCUSDT,1m,CVD_DIV,SHORT,46518.31,46527.26,46427.06,46427.95,BEAR,27.818,0.555,-6.406,0.2303,46425.0,0,0,0,1,YES,NO
2022-01-01 00:08,BTCUSDT,1m,EXHAUSTION_BEAR,LONG,46427.94,46427.97,46383.78,46392.64,BEAR,15.9624,0.318,-1.8684,0.1171,46385.0,0,0,0,1,NO,NO
2022-01-01 00:09,BTCUSDT,1m,BULL_ABSORPTION,LONG,46392.64,46406.48,46350.96,46371.11,BEAR,14.4694,0.288,5.0908,0.3518,46350.0,0,0,0,2,YES,NO
2022-01-01 00:10,BTCUSDT,1m,BULL_ABSORPTION,LONG,46369.79,46394.0,46341.55,46379.8,BULL,10.657,0.212,1.439,0.135,46340.0,0,0,0,1,NO,NO
2022-01-01 00:11,BTCUSDT,1m,NONE,—,46379.8,46379.81,46293.32,46312.37,BEAR,19.0128,0.379,-4.9572,0.2607,46295.0,0,0,0,1,N/A,NO
2022-01-01 00:12,BTCUSDT,1m,BULL_ABSORPTION,LONG,46312.38,46312.38,46276.22,46288.64,BEAR,11.6263,0.232,3.4335,0.2953,46275.0,0,0,0,2,YES,NO
2022-01-01 00:13,BTCUSDT,1m,BEAR_ABSORPTION,SHORT,46288.81,46363.84,46288.64,46329.0,BULL,23.151,0.462,6.798,0.2936,46290.0,0,0,0,2,NO,NO
2022-01-01 00:14,BTCUSDT,1m,BEAR_ABSORPTION,SHORT,46329.0,46353.5,46320.3,46332.51,BULL,13.0984,0.261,1.6002,0.1222,46320.0,0,0,0,1,YES,NO
2022-01-01 00:15,BTCUSDT,1m,BULL_ABSORPTION,LONG,46332.52,46332.52,46312.38,46329.13,BEAR,8.4088,0.168,4.9024,0.583,46310.0,4,0,0,3,NO,NO
2022-01-01 00:16,BTCUSDT,1m,BULL_ABSORPTION,LONG,46329.12,46329.97,46307.84,46323.31,BEAR,24.77,0.494,7.1404,0.2883,46310.0,0,0,0,2,NO,NO
2022-01-01 00:17,BTCUSDT,1m,EXHAUSTION_BEAR,LONG,46323.31,46323.31,46280.61,46283.37,BEAR,11.9988,0.239,-0.2232,0.0186,46280.0,0,0,0,1,YES,NO
2022-01-01 00:18,BTCUSDT,1m,BULL_ABSORPTION,LONG,46283.36,46296.67,46266.32,46283.39,BULL,24.8838,0.496,7.1178,0.286,46265.0,0,0,0,2,YES,NO
2022-01-01 00:19,BTCUSDT,1m,BULL_ABSORPTION,LONG,46283.39,46303.79,46236.27,46293.9,BULL,31.0814,0.62,11.095,0.357,46235.0,0,0,0,2,YES,NO
2022-01-01 00:20,BTCUSDT,1m,NONE,—,46295.42,46337.5,46286.25,46327.98,BULL,26.619,0.531,5.133,0.1928,46285.0,0,0,0,1,N/A,NO
2022-01-01 00:21,BTCUSDT,1m,BULL_ABSORPTION,LONG,46327.97,46384.35,46290.84,46384.34,BULL,38.038,0.758,-0.9234,0.0243,46290.0,0,0,0,1,YES,NO
2022-01-01 00:22,BTCUSDT,1m,BEAR_ABSORPTION,SHORT,46384.35,46421.27,46371.97,46394.04,BULL,35.617,0.71,-1.713,0.0481,46370.0,0,0,0,1,YES,NO
2022-01-01 00:23,BTCUSDT,1m,NONE,—,46394.03,46401.9,46360.18,46368.56,BEAR,9.4456,0.188,1.2008,0.1271,46360.0,0,0,0,1,N/A,NO
2022-01-01 00:24,BTCUSDT,1m,NONE,—,46368.56,46403.94,46368.55,46395.53,BULL,25.606,0.511,0.9576,0.0374,46370.0,0,0,0,1,N/A,NO
2022-01-01 00:25,BTCUSDT,1m,BULL_ABSORPTION,LONG,46395.53,46400.38,46380.32,46385.31,BEAR,19.1156,0.381,-5.3292,0.2788,46380.0,0,0,0,1,YES,NO
2022-01-01 00:26,BTCUSDT,1m,BEAR_ABSORPTION,SHORT,46385.32,46393.59,46385.31,46386.29,BULL,16.6976,0.333,2.6,0.1557,46385.0,0,0,0,1,YES,NO
2022-01-01 00:27,BTCUSDT,1m,EXHAUSTION_BEAR,LONG,46386.29,46386.29,46345.1,46354.88,BEAR,9.6808,0.193,1.1768,0.1216,46345.0,0,0,0,1,YES,NO
2022-01-01 00:28,BTCUSDT,1m,BEAR_ABSORPTION,SHORT,46354.88,46380.55,46352.51,46361.38,BULL,25.2918,0.504,1.1874,0.0469,46355.0,0,0,0,1,NO,NO
2022-01-01 00:29,BTCUSDT,1m,BULL_ABSORPTION,LONG,46361.38,46379.99,46352.41,46375.42,BULL,12.7458,0.254,1.4142,0.111,46350.0,0,0,0,1,NO,NO
2022-01-01 00:30,BTCUSDT,1m,BULL_ABSORPTION,LONG,46375.42,46386.28,46360.19,46365.71,BEAR,26.765,0.534,4.449,0.1662,46360.0,0,0,0,1,YES,NO
2022-01-01 00:31,BTCUSDT,1m,NONE,—,46365.72,46377.84,46365.71,46375.01,BULL,7.8524,0.157,-1.2668,0.1613,46365.0,0,0,0,1,N/A,NO
2022-01-01 00:32,BTCUSDT,1m,NONE,—,46375.0,46393.83,46375.0,46385.05,BULL,19.788,0.395,-2.3816,0.1204,46375.0,0,0,0,1,N/A,NO
2022-01-01 00:33,BTCUSDT,1m,CVD_DIV,SHORT,46385.04,46385.05,46375.0,46375.01,BEAR,7.3438,0.146,-3.3302,0.4535,46375.0,0,0,0,1,NO,NO
2022-01-01 00:34,BTCUSDT,1m,NONE,—,46375.02,46446.47,46375.01,46443.65,BULL,20.0774,0.4,4.5682,0.2275,46375.0,0,0,0,1,N/A,NO
2022-01-01 00:35,BTCUSDT,1m,BEAR_ABSORPTION,SHORT,46443.65,46489.12,46443.64,46468.94,BULL,30.9078,0.616,7.6302,0.2469,46445.0,0,0,0,1,NO,NO
2022-01-01 00:36,BTCUSDT,1m,EXHAUSTION_BULL,SHORT,46468.95,46508.0,46466.03,46499.99,BULL,20.4608,0.408,-1.768,0.0864,46465.0,0,0,0,1,NO,NO
2022-01-01 00:37,BTCUSDT,1m,BULL_ABSORPTION,LONG,46499.99,46513.46,46471.56,46508.6,BULL,15.46,0.308,-3.4632,0.224,46470.0,0,0,0,2,NO,NO
2022-01-01 00:38,BTCUSDT,1m,CVD_DIV,SHORT,46508.61,46512.05,46499.83,46500.01,BEAR,10.6516,0.212,-3.572,0.3353,46500.0,0,0,0,1,NO,NO
2022-01-01 00:39,BTCUSDT,1m,BEAR_ABSORPTION,SHORT,46500.01,46590.0,46498.42,46530.7,BULL,35.6364,0.711,6.156,0.1727,46500.0,0,0,0,1,NO,NO
2022-01-01 00:40,BTCUSDT,1m,BULL_ABSORPTION,LONG,46530.71,46576.78,46503.51,46574.03,BULL,33.8445,0.675,6.0495,0.1787,46505.0,0,0,0,1,YES,NO
2022-01-01 00:41,BTCUSDT,1m,NONE,—,46574.06,46656.28,46561.53,46634.13,BULL,48.4215,0.965,10.7255,0.2215,46560.0,0,0,0,1,N/A,NO
2022-01-01 00:42,BTCUSDT,1m,BEAR_ABSORPTION,SHORT,46634.14,46689.42,46627.15,46644.03,BULL,73.1292,1.458,1.566,0.0214,46625.0,0,0,0,1,NO,NO
2022-01-01 00:43,BTCUSDT,1m,NONE,—,46644.03,46670.13,46636.43,46657.84,BULL,16.3933,0.327,3.9991,0.2439,46635.0,0,0,0,1,N/A,NO
2022-01-01 00:44,BTCUSDT,1m,CVD_DIV,LONG,46657.84,46657.84,46610.74,46610.81,BEAR,19.3491,0.386,3.0267,0.1564,46610.0,0,0,0,1,YES,NO
2022-01-01 00:45,BTCUSDT,1m,BULL_ABSORPTION,LONG,46610.81,46621.08,46575.76,46621.0,BULL,29.0925,0.58,2.0439,0.0703,46575.0,0,0,0,1,YES,NO
2022-01-01 00:46,BTCUSDT,1m,NONE,—,46621.01,46647.0,46619.57,46637.7,BULL,23.033,0.459,5.324,0.2311,46620.0,0,0,0,1,N/A,NO
2022-01-01 00:47,BTCUSDT,1m,NONE,—,46637.71,46674.6,46627.48,46672.46,BULL,28.1052,0.56,0.5292,0.0188,46625.0,0,0,0,1,N/A,NO
2022-01-01 00:48,BTCUSDT,1m,NONE,—,46672.47,46731.0,46657.05,46717.92,BULL,59.5575,1.187,6.0705,0.1019,46655.0,0,0,0,1,N/A,NO
2022-01-01 00:49,BTCUSDT,1m,EXHAUSTION_BULL,SHORT,46717.91,46731.39,46684.71,46693.74,BEAR,28.8756,0.576,1.809,0.0626,46685.0,0,0,0,1,YES,NO
2022-01-01 00:50,BTCUSDT,1m,BULL_ABSORPTION,LONG,46693.75,46702.89,46673.57,46691.17,BEAR,29.4606,0.587,-0.0846,0.0029,46675.0,0,0,0,1,NO,NO
2022-01-01 00:51,BTCUSDT,1m,BEAR_ABSORPTION,SHORT,46691.17,46708.59,46674.92,46681.73,BEAR,25.2035,0.502,-4.7803,0.1897,46675.0,0,0,0,1,YES,NO
2022-01-01 00:52,BTCUSDT,1m,BULL_ABSORPTION,LONG,46681.73,46683.75,46628.6,46666.75,BEAR,28.2348,0.563,4.6552,0.1649,46630.0,0,0,0,1,NO,NO
2022-01-01 00:53,BTCUSDT,1m,NONE,—,46666.74,46668.13,46633.7,46640.98,BEAR,11.2322,0.224,-0.119,0.0106,46635.0,0,0,0,1,N/A,NO
2022-01-01 00:54,BTCUSDT,1m,BEAR_ABSORPTION,SHORT,46640.97,46698.29,46640.97,46659.65,BULL,39.2766,0.783,9.1608,0.2332,46640.0,0,0,0,1,NO,NO
2022-01-01 00:55,BTCUSDT,1m,NONE,—,46659.66,46672.97,46656.14,46671.69,BULL,19.6176,0.391,5.6748,0.2893,46655.0,0,0,0,1,N/A,NO
2022-01-01 00:56,BTCUSDT,1m,BULL_ABSORPTION,LONG,46671.69,46674.46,46658.46,46670.21,BEAR,14.0712,0.281,2.7336,0.1943,46660.0,0,0,0,1,YES,NO
2022-01-01 00:57,BTCUSDT,1m,BULL_ABSORPTION,LONG,46670.21,46690.16,46662.99,46685.42,BULL,18.4825,0.368,6.5575,0.3548,46665.0,0,0,0,1,NO,NO
2022-01-01 00:58,BTCUSDT,1m,NONE,—,46685.42,46685.44,46660.0,46660.01,BEAR,11.0705,0.221,-3.7445,0.3382,46660.0,0,0,0,1,N/A,NO
2022-01-01 00:59,BTCUSDT,1m,BULL_ABSORPTION,LONG,46660.0,46664.18,46630.46,46656.13,BEAR,45.2802,0.903,-29.6604,0.655,46630.0,0,7,0,2,NO,NO
2022-01-01 01:00,BTCUSDT,1m,DELTA_DIV,LONG,46656.14,46661.64,46647.29,46647.29,BEAR,23.3376,0.465,11.7066,0.5016,46645.0,3,0,0,1,NO,NO
2022-01-01 01:01,BTCUSDT,1m,CVD_DIV,LONG,46649.17,46650.6,46580.53,46592.51,BEAR,17.9564,0.358,-9.0944,0.5065,46580.0,0,14,0,2,YES,NO
2022-01-01 01:02,BTCUSDT,1m,BULL_ABSORPTION,LONG,46592.51,46615.97,46574.06,46615.96,BULL,22.6768,0.452,-5.0128,0.2211,46575.0,0,0,0,2,NO,NO
2022-01-01 01:03,BTCUSDT,1m,NONE,—,46615.97,46618.51,46579.34,46579.35,BEAR,9.2864,0.185,-2.616,0.2817,46580.0,0,0,0,1,N/A,NO
2022-01-01 01:04,BTCUSDT,1m,NONE,—,46579.34,46591.4,46575.99,46582.68,BULL,53.1903,1.06,16.6695,0.3134,46575.0,0,0,0,2,N/A,NO
2022-01-01 01:05,BTCUSDT,1m,NONE,—,46582.67,46601.78,46579.9,46590.76,BULL,48.2964,0.963,19.418,0.4021,46580.0,0,0,0,1,N/A,NO
2022-01-01 01:06,BTCUSDT,1m,EXHAUSTION_BULL,SHORT,46590.77,46624.2,46590.76,46618.96,BULL,8.7227,0.174,3.2977,0.3781,46590.0,0,0,0,1,NO,NO
2022-01-01 01:07,BTCUSDT,1m,DELTA_DIV,SHORT,46619.82,46638.86,46608.49,46634.68,BULL,25.1586,0.502,-6.0282,0.2396,46610.0,0,0,0,2,NO,NO
2022-01-01 01:08,BTCUSDT,1m,BEAR_ABSORPTION,SHORT,46634.68,46676.47,46634.68,46659.86,BULL,22.8728,0.456,16.1272,0.7051,46635.0,8,0,0,3,NO,NO
2022-01-01 01:09,BTCUSDT,1m,EXHAUSTION_BULL,SHORT,46659.86,46678.13,46658.01,46675.0,BULL,10.8284,0.216,4.486,0.4143,46660.0,0,0,0,1,NO,NO
2022-01-01 01:10,BTCUSDT,1m,NONE,—,46675.0,46747.0,46674.99,46732.96,BULL,22.0584,0.44,1.6184,0.0734,46675.0,0,0,0,1,N/A,NO
2022-01-01 01:11,BTCUSDT,1m,BULL_ABSORPTION,LONG,46732.95,46735.45,46695.8,46723.8,BEAR,9.2504,0.184,-1.0264,0.111,46695.0,0,0,0,1,YES,NO
2022-01-01 01:12,BTCUSDT,1m,BEAR_ABSORPTION,SHORT,46723.81,46767.24,46723.8,46729.35,BULL,20.5146,0.409,-1.422,0.0693,46725.0,0,0,0,1,NO,NO
2022-01-01 01:13,BTCUSDT,1m,CVD_DIV,SHORT,46729.34,46753.02,46724.31,46741.39,BULL,25.7004,0.512,-4.3416,0.1689,46725.0,0,0,0,1,NO,NO
2022-01-01 01:14,BTCUSDT,1m,BULL_ABSORPTION,LONG,46741.39,46767.0,46732.44,46766.99,BULL,10.2375,0.204,5.3459,0.5222,46730.0,7,0,0,2,YES,NO
2022-01-01 01:15,BTCUSDT,1m,BULL_ABSORPTION,LONG,46766.99,46787.12,46752.17,46786.21,BULL,16.7566,0.334,-0.4088,0.0244,46750.0,0,0,0,1,YES,NO
2022-01-01 01:16,BTCUSDT,1m,NONE,—,46786.21,46844.77,46782.19,46840.3,BULL,26.1508,0.521,10.4832,0.4009,46780.0,0,0,0,1,N/A,NO
2022-01-01 01:17,BTCUSDT,1m,DELTA_DIV,SHORT,46840.29,46896.74,46840.0,46877.05,BULL,37.7795,0.753,-8.0531,0.2132,46840.0,0,0,0,1,YES,NO
2022-01-01 01:18,BTCUSDT,1m,BULL_ABSORPTION,LONG,46877.04,46877.05,46829.83,46874.76,BEAR,27.2871,0.544,-6.3531,0.2328,46830.0,0,0,0,2,YES,NO
2022-01-01 01:19,BTCUSDT,1m,BULL_ABSORPTION,LONG,46874.77,46900.0,46857.03,46876.81,BULL,13.266,0.264,4.6062,0.3472,46855.0,0,0,0,2,YES,NO
2022-01-01 01:20,BTCUSDT,1m,BEAR_ABSORPTION,SHORT,46876.82,46949.99,46876.81,46904.72,BULL,27.1155,0.541,9.9705,0.3677,46875.0,0,0,0,1,YES,NO
2022-01-01 01:21,BTCUSDT,1m,NONE,—,46904.72,46914.73,46868.38,46868.42,BEAR,14.4873,0.289,1.0899,0.0752,46870.0,0,0,0,1,N/A,NO
2022-01-01 01:22,BTCUSDT,1m,NONE,—,46868.41,46885.25,46818.0,46827.0,BEAR,14.9162,0.297,2.0384,0.1367,46820.0,0,0,0,1,N/A,NO
2022-01-01 01:23,BTCUSDT,1m,CVD_DIV,LONG,46827.01,46875.55,46827.0,46855.14,BULL,8.288,0.165,2.414,0.2913,46825.0,0,0,0,1,NO,NO
2022-01-01 01:24,BTCUSDT,1m,BULL_ABSORPTION,LONG,46855.14,46857.28,46799.0,46846.03,BEAR,16.29,0.325,0.6156,0.0378,46800.0,0,0,0,1,NO,NO
2022-01-01 01:25,BTCUSDT,1m,NONE,—,46846.04,46869.16,46809.15,46812.19,BEAR,17.7336,0.354,-3.648,0.2057,46810.0,0,0,0,1,N/A,NO
2022-01-01 01:26,BTCUSDT,1m,BULL_ABSORPTION,LONG,46812.19,46816.69,46780.86,46806.42,BEAR,11.0306,0.22,4.2742,0.3875,46780.0,0,0,0,2,NO,NO
2022-01-01 01:27,BTCUSDT,1m,BEAR_ABSORPTION,SHORT,46806.42,46838.0,46798.74,46801.24,BEAR,8.9944,0.179,1.2184,0.1355,46800.0,0,0,0,1,YES,NO
2022-01-01 01:28,BTCUSDT,1m,BEAR_ABSORPTION,SHORT,46801.24,46815.39,46790.64,46793.26,BEAR,12.8645,0.256,7.5695,0.5884,46790.0,5,0,0,3,NO,NO
2022-01-01 01:29,BTCUSDT,1m,NONE,—,46793.26,46815.34,46793.26,46815.33,BULL,6.46,0.129,0.824,0.1276,46795.0,0,0,0,1,N/A,NO
2022-01-01 01:30,BTCUSDT,1m,BULL_ABSORPTION,LONG,46815.34,46832.8,46800.29,46825.67,BULL,13.0256,0.26,0.5376,0.0413,46800.0,0,0,0,1,NO,NO
2022-01-01 01:31,BTCUSDT,1m,NONE,—,46825.67,46832.45,46806.8,46806.81,BEAR,9.0345,0.18,1.3035,0.1443,46805.0,0,0,0,1,N/A,NO
2022-01-01 01:32,BTCUSDT,1m,NONE,—,46806.81,46858.49,46806.8,46858.46,BULL,9.257,0.185,3.897,0.421,46805.0,0,0,0,1,N/A,NO
2022-01-01 01:33,BTCUSDT,1m,BULL_ABSORPTION,LONG,46858.47,46869.69,46847.29,46858.26,BEAR,5.5656,0.111,3.0648,0.5507,46845.0,4,0,0,3,NO,NO
2022-01-01 01:34,BTCUSDT,1m,BULL_ABSORPTION,LONG,46858.26,46866.19,46833.32,46845.06,BEAR,5.25,0.105,0.8344,0.1589,46835.0,0,0,0,1,YES,NO
2022-01-01 01:35,BTCUSDT,1m,BEAR_ABSORPTION,SHORT,46845.06,46874.57,46845.0,46859.38,BULL,9.981,0.199,3.0906,0.3096,46845.0,0,0,0,2,NO,NO
2022-01-01 01:36,BTCUSDT,1m,BEAR_ABSORPTION,SHORT,46859.37,46884.63,46857.53,46873.91,BULL,10.1745,0.203,-4.1485,0.4077,46860.0,0,0,0,2,YES,NO
2022-01-01 01:37,BTCUSDT,1m,DELTA_DIV,LONG,46873.9,46873.91,46840.21,46840.94,BEAR,10.808,0.215,3.2578,0.3014,46840.0,0,0,0,1,NO,NO
2022-01-01 01:38,BTCUSDT,1m,NONE,—,46840.94,46854.39,46784.38,46789.23,BEAR,18.4268,0.367,1.3776,0.0748,46785.0,0,0,0,1,N/A,NO
2022-01-01 01:39,BTCUSDT,1m,BULL_ABSORPTION,LONG,46789.23,46811.33,46753.84,46799.9,BULL,12.4839,0.249,-1.5763,0.1263,46755.0,0,0,0,2,NO,NO
2022-01-01 01:40,BTCUSDT,1m,BULL_ABSORPTION,LONG,46798.2,46804.58,46755.4,46773.92,BEAR,9.079,0.181,0.625,0.0688,46755.0,0,0,0,1,NO,NO
2022-01-01 01:41,BTCUSDT,1m,NONE,—,46776.33,46780.0,46750.0,46750.01,BEAR,43.8894,0.875,-37.059,0.8444,46750.0,0,6,0,2,N/A,NO
2022-01-01 01:42,BTCUSDT,1m,BEAR_ABSORPTION,SHORT,46750.0,46772.42,46748.05,46761.8,BULL,10.2765,0.205,0.0095,0.0009,46750.0,0,0,0,2,NO,NO
2022-01-01 01:43,BTCUSDT,1m,BULL_ABSORPTION,LONG,46761.8,46770.74,46752.85,46765.69,BULL,7.0292,0.14,0.2324,0.0331,46755.0,0,0,0,1,YES,NO
2022-01-01 01:44,BTCUSDT,1m,BULL_ABSORPTION,LONG,46765.69,46779.96,46760.49,46768.1,BULL,5.8996,0.118,3.3156,0.562,46760.0,4,0,0,3,YES,NO
2022-01-01 01:45,BTCUSDT,1m,BULL_ABSORPTION,LONG,46768.11,46774.27,46765.0,46773.0,BULL,3.0262,0.06,0.093,0.0307,46765.0,0,0,0,1,NO,NO
2022-01-01 01:46,BTCUSDT,1m,BULL_ABSORPTION,LONG,46773.0,46773.91,46720.0,46736.91,BEAR,16.4593,0.328,-12.0175,0.7301,46720.0,0,11,0,2,YES,NO
2022-01-01 01:47,BTCUSDT,1m,BULL_ABSORPTION,LONG,46736.91,46745.69,46711.9,46739.92,BULL,24.577,0.49,-14.5768,0.5931,46710.0,0,7,0,3,YES,NO
2022-01-01 01:48,BTCUSDT,1m,DELTA_DIV,SHORT,46739.93,46774.9,46725.77,46774.87,BULL,26.318,0.525,-12.464,0.4736,46725.0,0,0,0,2,NO,NO
2022-01-01 01:49,BTCUSDT,1m,BULL_ABSORPTION,LONG,46769.94,46779.7,46747.22,46771.72,BULL,8.658,0.173,-3.0528,0.3526,46745.0,0,0,0,2,YES,NO
2022-01-01 01:50,BTCUSDT,1m,EXHAUSTION_BULL,SHORT,46769.61,46780.0,46765.75,46770.01,BULL,3.3066,0.066,0.4686,0.1417,46765.0,0,0,0,1,NO,NO
2022-01-01 01:51,BTCUSDT,1m,BULL_INITIATION,LONG,46770.01,46849.37,46770.0,46849.37,BULL,32.8192,0.654,29.3984,0.8958,46770.0,16,0,0,2,NO,NO
2022-01-01 01:52,BTCUSDT,1m,EXHAUSTION_BULL,SHORT,46849.37,46861.47,46782.64,46800.36,BEAR,19.4928,0.389,-4.0464,0.2076,46785.0,0,0,0,1,YES,NO
2022-01-01 01:53,BTCUSDT,1m,NONE,—,46800.36,46810.07,46775.59,46781.97,BEAR,4.7985,0.096,-0.2135,0.0445,46775.0,0,0,0,1,N/A,NO
2022-01-01 01:54,BTCUSDT,1m,NONE,—,46781.97,46821.27,46780.85,46819.12,BULL,7.6432,0.152,0.56,0.0733,46780.0,0,0,0,1,N/A,NO
2022-01-01 01:55,BTCUSDT,1m,EXHAUSTION_BULL,SHORT,46819.12,46823.96,46780.03,46783.9,BEAR,4.8159,0.096,-0.9369,0.1945,46780.0,0,0,0,2,NO,NO
2022-01-01 01:56,BTCUSDT,1m,DELTA_DIV,SHORT,46783.91,46799.39,46780.78,46793.96,BULL,2.426,0.048,-0.9204,0.3794,46780.0,0,0,0,1,YES,NO
2022-01-01 01:57,BTCUSDT,1m,NONE,—,46793.95,46795.75,46760.0,46760.44,BEAR,9.9561,0.199,-0.7161,0.0719,46760.0,0,0,0,1,N/A,NO
2022-01-01 01:58,BTCUSDT,1m,EXHAUSTION_BEAR,LONG,46760.45,46795.97,46750.0,46788.3,BULL,4.8591,0.097,1.8369,0.378,46750.0,0,0,0,2,NO,NO
2022-01-01 01:59,BTCUSDT,1m,NONE,—,46788.31,46795.5,46774.32,46778.14,BEAR,4.9676,0.099,0.598,0.1204,46775.0,0,0,0,1,N/A,NO
2022-01-01 02:00,BTCUSDT,1m,NONE,—,46778.14,46813.16,46769.95,46804.69,BULL,13.5117,0.269,-1.6173,0.1197,46770.0,0,0,0,1,N/A,NO
2022-01-01 02:01,BTCUSDT,1m,BULL_ABSORPTION,LONG,46804.7,46804.7,46770.32,46794.05,BEAR,5.936,0.118,-0.4592,0.0774,46770.0,0,0,0,1,YES,NO
2022-01-01 02:02,BTCUSDT,1m,BULL_ABSORPTION,LONG,46794.04,46805.32,46787.32,46803.27,BULL,7.7644,0.155,-0.7772,0.1001,46785.0,0,0,0,1,YES,NO
2022-01-01 02:03,BTCUSDT,1m,NONE,—,46803.28,46823.39,46803.27,46816.34,BULL,10.8024,0.215,-0.3072,0.0284,46805.0,0,0,0,1,N/A,NO
2022-01-01 02:04,BTCUSDT,1m,BULL_ABSORPTION,LONG,46816.33,46823.96,46807.0,46823.95,BULL,3.543,0.071,-0.3306,0.0933,46805.0,0,0,0,2,NO,NO
2022-01-01 02:05,BTCUSDT,1m,CVD_DIV,SHORT,46823.96,46823.96,46813.04,46813.23,BEAR,3.1508,0.063,-1.7668,0.5607,46815.0,0,2,0,1,NO,NO
2022-01-01 02:06,BTCUSDT,1m,BULL_ABSORPTION,LONG,46813.23,46834.91,46792.21,46832.47,BULL,7.3908,0.147,-1.1556,0.1564,46790.0,0,0,0,2,YES,NO
2022-01-01 02:07,BTCUSDT,1m,BEAR_ABSORPTION,SHORT,46832.46,46861.86,46832.46,46844.96,BULL,6.1086,0.122,3.081,0.5044,46830.0,6,0,0,3,YES,NO
2022-01-01 02:08,BTCUSDT,1m,BULL_ABSORPTION,LONG,46844.96,46850.29,46834.91,46842.92,BEAR,2.8785,0.057,-1.3281,0.4614,46835.0,0,0,0,1,NO,NO
2022-01-01 02:09,BTCUSDT,1m,BULL_ABSORPTION,LONG,46842.92,46848.65,46807.0,46816.15,BEAR,17.62,0.351,-0.5432,0.0308,46805.0,0,0,0,1,YES,NO
2022-01-01 02:10,BTCUSDT,1m,BULL_ABSORPTION,LONG,46816.14,46821.75,46789.02,46821.75,BULL,9.1308,0.182,-3.9284,0.4302,46790.0,0,0,0,2,YES,NO
2022-01-01 02:11,BTCUSDT,1m,BEAR_ABSORPTION,SHORT,46821.75,46839.36,46820.0,46828.78,BULL,6.3064,0.126,-2.5616,0.4062,46820.0,0,0,0,2,NO,NO
2022-01-01 02:12,BTCUSDT,1m,BEAR_ABSORPTION,SHORT,46828.78,46867.75,46828.78,46850.29,BULL,15.4744,0.309,4.084,0.2639,46830.0,0,0,0,1,NO,NO
2022-01-01 02:13,BTCUSDT,1m,BULL_ABSORPTION,LONG,46850.29,46857.76,46840.02,46856.02,BULL,3.5352,0.07,-1.0016,0.2833,46840.0,0,0,0,2,NO,NO
2022-01-01 02:14,BTCUSDT,1m,BULL_ABSORPTION,LONG,46856.02,46856.02,46830.0,46845.97,BEAR,8.7335,0.174,1.4615,0.1673,46830.0,0,0,0,1,YES,NO
2022-01-01 02:15,BTCUSDT,1m,NONE,—,46845.98,46919.17,46845.97,46903.01,BULL,18.5265,0.369,4.6695,0.252,46845.0,0,0,0,1,N/A,NO
2022-01-01 02:16,BTCUSDT,1m,BEAR_ABSORPTION,SHORT,46903.01,46912.14,46903.0,46906.75,BULL,8.9446,0.178,-4.0018,0.4474,46905.0,0,0,0,2,YES,NO
2022-01-01 02:17,BTCUSDT,1m,BULL_ABSORPTION,LONG,46906.76,46915.33,46903.0,46906.45,BEAR,9.8652,0.197,2.202,0.2232,46905.0,0,0,0,2,NO,NO
2022-01-01 02:18,BTCUSDT,1m,NONE,—,46906.45,46907.86,46903.0,46903.01,BEAR,11.7196,0.234,-7.7202,0.6587,46905.0,0,1,0,1,N/A,NO
2022-01-01 02:19,BTCUSDT,1m,BEAR_ABSORPTION,SHORT,46903.02,46928.94,46903.01,46914.5,BULL,3.955,0.079,0.842,0.2129,46905.0,0,0,0,2,YES,NO
2022-01-01 02:20,BTCUSDT,1m,BULL_ABSORPTION,LONG,46914.5,46926.39,46903.0,46910.78,BEAR,8.363,0.167,-2.375,0.284,46905.0,0,0,0,2,NO,NO
2022-01-01 02:21,BTCUSDT,1m,BULL_ABSORPTION,LONG,46910.77,46910.78,46876.15,46903.69,BEAR,34.5814,0.689,-21.9688,0.6353,46875.0,0,7,0,3,NO,NO
2022-01-01 02:22,BTCUSDT,1m,EXHAUSTION_BEAR,LONG,46903.68,46912.73,46853.14,46863.47,BEAR,12.2472,0.244,-0.9264,0.0756,46855.0,0,0,0,1,YES,NO
2022-01-01 02:23,BTCUSDT,1m,BEAR_ABSORPTION,SHORT,46861.99,46884.89,46860.79,46862.96,BULL,11.991,0.239,-1.378,0.1149,46860.0,0,0,0,1,YES,NO
2022-01-01 02:24,BTCUSDT,1m,EXHAUSTION_BEAR,LONG,46862.95,46881.53,46836.07,46841.58,BEAR,6.8985,0.138,-0.4563,0.0661,46835.0,0,0,0,1,YES,NO
2022-01-01 02:25,BTCUSDT,1m,BULL_ABSORPTION,LONG,46841.58,46856.06,46828.1,46848.65,BULL,5.4198,0.108,-0.627,0.1157,46830.0,0,0,0,1,NO,NO
2022-01-01 02:26,BTCUSDT,1m,BULL_ABSORPTION,LONG,46848.65,46849.65,46839.45,46844.95,BEAR,5.1026,0.102,-0.3394,0.0665,46840.0,0,0,0,1,YES,NO
2022-01-01 02:27,BTCUSDT,1m,BULL_ABSORPTION,LONG,46844.96,46852.89,46830.81,46850.01,BULL,5.8108,0.116,0.0076,0.0013,46830.0,0,0,0,1,YES,NO
2022-01-01 02:28,BTCUSDT,1m,EXHAUSTION_BULL,SHORT,46850.01,46865.84,46850.01,46865.83,BULL,3.5754,0.071,0.1824,0.051,46850.0,0,0,0,1,YES,NO
2022-01-01 02:29,BTCUSDT,1m,CVD_DIV,SHORT,46865.84,46868.04,46826.0,46826.01,BEAR,4.6296,0.092,-1.0824,0.2338,46825.0,0,0,0,1,YES,NO
2022-01-01 02:30,BTCUSDT,1m,BULL_ABSORPTION,LONG,46826.0,46826.01,46815.97,46819.27,BEAR,8.4748,0.169,-1.1932,0.1408,46815.0,0,0,0,1,NO,NO
2022-01-01 02:31,BTCUSDT,1m,BULL_ABSORPTION,LONG,46819.26,46821.59,46801.28,46806.2,BEAR,10.6836,0.213,0.058,0.0054,46800.0,0,0,0,1,NO,NO
2022-01-01 02:32,BTCUSDT,1m,NONE,—,46806.2,46817.88,46786.77,46791.29,BEAR,11.2584,0.224,-1.2612,0.112,46785.0,0,0,0,1,N/A,NO
2022-01-01 02:33,BTCUSDT,1m,BEAR_ABSORPTION,SHORT,46791.3,46808.66,46788.01,46793.52,BULL,13.0248,0.26,-0.5288,0.0406,46790.0,0,0,0,1,YES,NO
2022-01-01 02:34,BTCUSDT,1m,EXHAUSTION_BEAR,LONG,46793.53,46800.43,46785.0,46788.59,BEAR,5.1297,0.102,-0.8409,0.1639,46785.0,0,0,0,1,YES,NO
2022-01-01 02:35,BTCUSDT,1m,NONE,—,46788.59,46797.59,46787.1,46794.49,BULL,2.5024,0.05,0.3308,0.1322,46785.0,0,0,0,1,N/A,NO
2022-01-01 02:36,BTCUSDT,1m,BULL_ABSORPTION,LONG,46794.49,46794.49,46728.12,46761.09,BEAR,22.1559,0.442,1.6809,0.0759,46730.0,0,0,0,1,NO,NO
2022-01-01 02:37,BTCUSDT,1m,BULL_ABSORPTION,LONG,46757.72,46761.09,46721.96,46741.16,BEAR,9.0088,0.18,-0.612,0.0679,46720.0,0,0,0,2,NO,NO
2022-01-01 02:38,BTCUSDT,1m,BULL_ABSORPTION,LONG,46741.16,46745.18,46733.48,46738.01,BEAR,2.0054,0.04,0.477,0.2379,46735.0,0,0,0,2,YES,NO
2022-01-01 02:39,BTCUSDT,1m,NONE,—,46738.0,46772.16,46734.04,46764.0,BULL,4.5584,0.091,2.2192,0.4868,46735.0,0,0,0,1,N/A,NO
2022-01-01 02:40,BTCUSDT,1m,EXHAUSTION_BULL,SHORT,46763.99,46776.47,46759.03,46769.47,BULL,2.1246,0.042,-0.3846,0.181,46760.0,0,0,0,1,NO,NO
2022-01-01 02:41,BTCUSDT,1m,BEAR_ABSORPTION,SHORT,46769.47,46792.79,46769.46,46777.27,BULL,6.1585,0.123,-3.6235,0.5884,46770.0,0,5,0,3,NO,NO
2022-01-01 02:42,BTCUSDT,1m,DELTA_DIV,SHORT,46779.23,46792.53,46777.26,46788.77,BULL,4.2768,0.085,-1.3284,0.3106,46775.0,0,0,0,2,NO,NO
2022-01-01 02:43,BTCUSDT,1m,NONE,—,46788.77,46804.89,46788.77,46804.86,BULL,4.7589,0.095,1.6113,0.3386,46790.0,0,0,0,1,N/A,NO
2022-01-01 02:44,BTCUSDT,1m,CVD_DIV,SHORT,46804.86,46804.87,46771.05,46775.91,BEAR,12.4152,0.248,-11.0348,0.8888,46770.0,0,7,0,2,NO,NO
2022-01-01 02:45,BTCUSDT,1m,NONE,—,46775.9,46799.58,46775.9,46799.58,BULL,9.3115,0.186,1.5085,0.162,46775.0,0,0,0,1,N/A,NO
2022-01-01 02:46,BTCUSDT,1m,EXHAUSTION_BULL,SHORT,46799.58,46808.34,46794.43,46808.34,BULL,2.9106,0.058,-1.3332,0.458,46795.0,0,0,0,2,NO,NO
2022-01-01 02:47,BTCUSDT,1m,NONE,—,46808.33,46834.49,46808.33,46829.63,BULL,3.94,0.079,0.415,0.1053,46810.0,0,0,0,1,N/A,NO
2022-01-01 02:48,BTCUSDT,1m,BULL_ABSORPTION,LONG,46829.63,46829.63,46801.17,46815.03,BEAR,8.1984,0.163,-5.988,0.7304,46800.0,0,6,0,3,NO,NO
2022-01-01 02:49,BTCUSDT,1m,BULL_ABSORPTION,LONG,46815.02,46815.03,46800.49,46809.58,BEAR,3.5367,0.071,-1.1547,0.3265,46800.0,0,0,0,2,NO,NO
2022-01-01 02:50,BTCUSDT,1m,BULL_ABSORPTION,LONG,46809.59,46812.34,46777.25,46792.86,BEAR,6.0543,0.121,-1.7059,0.2818,46775.0,0,0,0,1,YES,NO
2022-01-01 02:51,BTCUSDT,1m,EXHAUSTION_BULL,SHORT,46792.87,46829.05,46792.86,46826.25,BULL,3.7786,0.075,-0.4942,0.1308,46795.0,0,0,0,1,YES,NO
2022-01-01 02:52,BTCUSDT,1m,DELTA_DIV,LONG,46826.26,46830.17,46814.37,46819.26,BEAR,3.8568,0.077,0.9888,0.2564,46815.0,0,0,0,1,YES,NO
2022-01-01 02:53,BTCUSDT,1m,BEAR_ABSORPTION,SHORT,46819.26,46826.01,46817.83,46821.96,BULL,3.3466,0.067,-0.9838,0.294,46820.0,0,0,0,2,NO,NO
2022-01-01 02:54,BTCUSDT,1m,DELTA_DIV,SHORT,46821.95,46832.53,46821.95,46825.17,BULL,9.923,0.198,-8.5446,0.8611,46820.0,0,2,0,2,NO,NO
2022-01-01 02:55,BTCUSDT,1m,BULL_INITIATION,LONG,46825.16,46851.0,46825.16,46850.21,BULL,8.333,0.166,6.944,0.8333,46825.0,5,0,0,3,YES,NO
2022-01-01 02:56,BTCUSDT,1m,BULL_ABSORPTION,LONG,46850.21,46860.39,46832.71,46857.41,BULL,6.4776,0.129,-1.2324,0.1903,46835.0,0,0,0,1,NO,NO
2022-01-01 02:57,BTCUSDT,1m,CVD_DIV,SHORT,46857.41,46859.31,46774.72,46775.82,BEAR,14.5333,0.29,-6.9955,0.4813,46775.0,0,0,0,1,NO,NO
2022-01-01 02:58,BTCUSDT,1m,EXHAUSTION_BEAR,LONG,46775.82,46798.34,46773.93,46798.34,BULL,5.3135,0.106,2.3355,0.4395,46775.0,0,0,0,1,YES,NO
2022-01-01 02:59,BTCUSDT,1m,BEAR_ABSORPTION,SHORT,46798.34,46821.67,46798.33,46811.77,BULL,3.5985,0.072,-1.6765,0.4659,46800.0,0,0,0,2,NO,NO
2022-01-01 03:00,BTCUSDT,1m,BULL_ABSORPTION,LONG,46811.77,46823.11,46803.91,46818.57,BULL,4.5128,0.09,2.6352,0.5839,46805.0,4,0,0,2,NO,NO
2022-01-01 03:01,BTCUSDT,1m,NONE,—,46818.57,46826.63,46810.11,46810.11,BEAR,4.7433,0.095,-2.1231,0.4476,46810.0,0,0,0,1,N/A,NO
2022-01-01 03:02,BTCUSDT,1m,NONE,—,46810.12,46819.74,46786.24,46788.93,BEAR,3.7429,0.075,-1.6793,0.4487,46785.0,0,0,0,1,N/A,NO
2022-01-01 03:03,BTCUSDT,1m,NONE,—,46788.93,46791.25,46761.77,46761.77,BEAR,5.6112,0.112,-0.168,0.0299,46760.0,0,0,0,1,N/A,NO
2022-01-01 03:04,BTCUSDT,1m,CVD_DIV,LONG,46761.77,46800.87,46760.12,46791.99,BULL,6.4368,0.128,3.76,0.5841,46760.0,8,0,0,2,NO,NO
2022-01-01 03:05,BTCUSDT,1m,NONE,—,46791.99,46793.08,46782.35,46782.61,BEAR,1.9776,0.039,0.098,0.0496,46780.0,0,0,0,1,N/A,NO
2022-01-01 03:06,BTCUSDT,1m,NONE,—,46782.61,46802.61,46782.6,46799.71,BULL,2.3552,0.047,0.672,0.2853,46785.0,0,0,0,1,N/A,NO
2022-01-01 03:07,BTCUSDT,1m,NONE,—,46802.59,46821.5,46797.84,46819.87,BULL,7.2375,0.144,2.5855,0.3572,46800.0,0,0,0,1,N/A,NO
2022-01-01 03:08,BTCUSDT,1m,NONE,—,46819.88,46819.88,46802.8,46805.93,BEAR,1.8912,0.038,-1.0842,0.5733,46805.0,0,3,0,1,N/A,NO
2022-01-01 03:09,BTCUSDT,1m,BULL_ABSORPTION,LONG,46805.92,46830.99,46790.6,46830.99,BULL,8.1392,0.162,3.4976,0.4297,46790.0,0,0,0,2,YES,NO
2022-01-01 03:10,BTCUSDT,1m,BEAR_ABSORPTION,SHORT,46830.99,46851.56,46828.11,46842.47,BULL,10.859,0.217,7.604,0.7002,46830.0,5,0,0,3,YES,NO
2022-01-01 03:11,BTCUSDT,1m,NONE,—,46842.46,46846.13,46818.86,46818.86,BEAR,4.5565,0.091,-1.9745,0.4333,46820.0,0,0,0,1,N/A,NO
2022-01-01 03:12,BTCUSDT,1m,BULL_ABSORPTION,LONG,46818.87,46830.17,46806.89,46830.12,BULL,4.8415,0.097,1.8025,0.3723,46805.0,0,0,0,1,NO,NO
2022-01-01 03:13,BTCUSDT,1m,NONE,—,46830.12,46841.1,46806.88,46806.89,BEAR,4.8356,0.096,-1.8354,0.3796,46805.0,0,0,0,1,N/A,NO
2022-01-01 03:14,BTCUSDT,1m,NONE,—,46806.88,46833.64,46806.88,46826.1,BULL,6.509,0.13,-0.526,0.0808,46805.0,0,0,0,1,N/A,NO
2022-01-01 03:15,BTCUSDT,1m,BULL_ABSORPTION,LONG,46826.11,46847.39,46807.66,46846.13,BULL,5.1088,0.102,1.68,0.3288,46810.0,0,0,0,1,YES,NO
2022-01-01 03:16,BTCUSDT,1m,BEAR_ABSORPTION,SHORT,46846.13,46916.63,46846.12,46887.55,BULL,35.0882,0.7,29.9138,0.8525,46845.0,14,0,0,3,NO,NO
2022-01-01 03:17,BTCUSDT,1m,BULL_ABSORPTION,LONG,46887.55,46896.7,46880.97,46888.0,BULL,2.4036,0.048,-0.2142,0.0891,46880.0,0,0,0,1,NO,NO
2022-01-01 03:18,BTCUSDT,1m,BULL_ABSORPTION,LONG,46888.01,46888.01,46880.99,46886.02,BEAR,3.849,0.077,-1.5672,0.4072,46880.0,0,0,0,1,YES,NO
2022-01-01 03:19,BTCUSDT,1m,BEAR_ABSORPTION,SHORT,46886.02,46905.09,46886.02,46888.07,BULL,27.6412,0.551,-16.2404,0.5875,46885.0,0,4,0,3,YES,NO
2022-01-01 03:20,BTCUSDT,1m,EXHAUSTION_BEAR,LONG,46888.08,46888.08,46858.12,46858.13,BEAR,3.8508,0.077,-1.3356,0.3468,46860.0,0,0,0,2,YES,NO
2022-01-01 03:21,BTCUSDT,1m,BEAR_ABSORPTION,SHORT,46858.12,46874.6,46856.22,46863.17,BULL,2.2596,0.045,0.326,0.1443,46855.0,0,0,0,2,YES,NO
2022-01-01 03:22,BTCUSDT,1m,BULL_ABSORPTION,LONG,46863.16,46865.38,46840.77,46851.62,BEAR,3.503,0.07,-1.231,0.3514,46840.0,0,0,0,1,NO,NO
2022-01-01 03:23,BTCUSDT,1m,NONE,—,46851.63,46851.63,46805.59,46806.21,BEAR,12.3273,0.246,-6.5475,0.5311,46805.0,0,9,0,2,N/A,NO
2022-01-01 03:24,BTCUSDT,1m,BULL_ABSORPTION,LONG,46805.6,46810.13,46777.0,46791.02,BEAR,52.4202,1.045,-22.211,0.4237,46775.0,0,0,0,2,YES,NO
2022-01-01 03:25,BTCUSDT,1m,NONE,—,46791.02,46822.33,46791.02,46809.0,BULL,14.7402,0.294,2.2146,0.1502,46790.0,0,0,0,1,N/A,NO
2022-01-01 03:26,BTCUSDT,1m,BULL_ABSORPTION,LONG,46809.0,46809.01,46798.89,46808.74,BEAR,15.4376,0.308,-0.7456,0.0483,46800.0,0,0,0,1,NO,NO
2022-01-01 03:27,BTCUSDT,1m,BULL_ABSORPTION,LONG,46808.74,46808.75,46791.0,46805.27,BEAR,14.3072,0.285,-8.4184,0.5884,46790.0,0,4,0,2,YES,NO
2022-01-01 03:28,BTCUSDT,1m,BULL_INITIATION,LONG,46805.28,46837.42,46805.27,46827.14,BULL,11.8572,0.236,5.9784,0.5042,46805.0,6,0,0,3,NO,NO
2022-01-01 03:29,BTCUSDT,1m,BEAR_ABSORPTION,SHORT,46827.15,46842.21,46809.15,46809.15,BEAR,13.8754,0.277,-6.3336,0.4565,46810.0,0,0,0,2,NO,NO
2022-01-01 03:30,BTCUSDT,1m,CVD_DIV,SHORT,46809.16,46854.33,46809.15,46838.12,BULL,9.7398,0.194,3.3948,0.3485,46810.0,0,0,0,1,YES,NO
2022-01-01 03:31,BTCUSDT,1m,NONE,—,46838.13,46842.22,46822.39,46822.43,BEAR,4.8024,0.096,-0.664,0.1383,46820.0,0,0,0,1,N/A,NO
2022-01-01 03:32,BTCUSDT,1m,NONE,—,46822.44,46827.48,46813.2,46813.2,BEAR,10.7961,0.215,-5.1579,0.4778,46815.0,0,0,0,1,N/A,NO
2022-01-01 03:33,BTCUSDT,1m,DELTA_DIV,SHORT,46813.21,46860.89,46813.2,46853.8,BULL,24.628,0.491,-6.1,0.2477,46815.0,0,0,0,2,YES,NO
2022-01-01 03:34,BTCUSDT,1m,BULL_ABSORPTION,LONG,46853.81,46856.13,46842.77,46853.73,BEAR,9.5298,0.19,-5.4132,0.568,46845.0,0,3,0,2,NO,NO
2022-01-01 03:35,BTCUSDT,1m,BULL_ABSORPTION,LONG,46853.73,46853.73,46830.0,46852.24,BEAR,11.632,0.232,-3.202,0.2753,46830.0,0,0,0,1,YES,NO
2022-01-01 03:36,BTCUSDT,1m,BULL_ABSORPTION,LONG,46852.24,46865.8,46838.62,46865.36,BULL,7.1345,0.142,-1.1555,0.162,46840.0,0,0,0,2,NO,NO
2022-01-01 03:37,BTCUSDT,1m,BULL_ABSORPTION,LONG,46865.36,46865.36,46853.8,46861.42,BEAR,1.7594,0.035,-0.0338,0.0192,46855.0,0,0,0,1,NO,NO
2022-01-01 03:38,BTCUSDT,1m,NONE,—,46861.43,46862.0,46830.37,46835.55,BEAR,6.1176,0.122,-1.3752,0.2248,46830.0,0,0,0,1,N/A,NO
2022-01-01 03:39,BTCUSDT,1m,BULL_ABSORPTION,LONG,46835.55,46853.71,46832.28,46846.74,BULL,2.8764,0.057,-0.3148,0.1094,46830.0,0,0,0,1,YES,NO
2022-01-01 03:40,BTCUSDT,1m,BULL_ABSORPTION,LONG,46846.74,46853.81,46840.42,46853.8,BULL,3.2721,0.065,1.0785,0.3296,46840.0,0,0,0,1,YES,NO
2022-01-01 03:41,BTCUSDT,1m,BULL_INITIATION,LONG,46853.81,46883.68,46846.38,46868.24,BULL,23.3317,0.465,15.2579,0.654,46845.0,7,0,0,2,YES,NO
2022-01-01 03:42,BTCUSDT,1m,BULL_ABSORPTION,LONG,46868.25,46884.88,46862.38,46871.93,BULL,4.4384,0.088,-1.532,0.3452,46860.0,0,0,0,2,YES,NO
2022-01-01 03:43,BTCUSDT,1m,NONE,—,46871.94,46900.0,46868.66,46892.17,BULL,9.4422,0.188,3.0018,0.3179,46870.0,0,0,0,1,N/A,NO
2022-01-01 03:44,BTCUSDT,1m,NONE,—,46892.18,46892.18,46867.98,46867.98,BEAR,2.8055,0.056,-0.4255,0.1517,46870.0,0,0,0,1,N/A,NO
2022-01-01 03:45,BTCUSDT,1m,NONE,—,46867.98,46894.61,46867.98,46886.06,BULL,8.648,0.172,-1.163,0.1345,46870.0,0,0,0,1,N/A,NO
2022-01-01 03:46,BTCUSDT,1m,BULL_ABSORPTION,LONG,46886.07,46898.99,46881.75,46885.7,BEAR,4.6362,0.092,-0.4548,0.0981,46880.0,0,0,0,2,NO,NO
2022-01-01 03:47,BTCUSDT,1m,NONE,—,46885.7,46886.2,46866.11,46866.88,BEAR,6.59,0.131,-0.1356,0.0206,46865.0,0,0,0,1,N/A,NO
2022-01-01 03:48,BTCUSDT,1m,NONE,—,46866.89,46876.34,46853.88,46859.21,BEAR,7.6124,0.152,0.2028,0.0266,46855.0,0,0,0,1,N/A,NO
2022-01-01 03:49,BTCUSDT,1m,EXHAUSTION_BEAR,LONG,46859.21,46865.51,46825.24,46825.25,BEAR,4.5264,0.09,-1.1744,0.2595,46825.0,0,0,0,1,NO,NO
2022-01-01 03:50,BTCUSDT,1m,BULL_ABSORPTION,LONG,46825.25,46825.25,46813.4,46817.01,BEAR,4.694,0.094,-1.732,0.369,46815.0,0,0,0,1,NO,NO
2022-01-01 03:51,BTCUSDT,1m,NONE,—,46817.01,46818.17,46813.2,46815.18,BEAR,9.9346,0.198,-1.9066,0.1919,46815.0,0,0,0,1,N/A,NO
2022-01-01 03:52,BTCUSDT,1m,BEAR_ABSORPTION,SHORT,46815.17,46829.23,46813.2,46813.21,BEAR,21.7035,0.433,-17.0877,0.7873,46815.0,0,3,0,2,NO,NO
2022-01-01 03:53,BTCUSDT,1m,EXHAUSTION_BULL,SHORT,46813.2,46851.07,46813.2,46848.29,BULL,6.4912,0.129,3.8496,0.593,46815.0,8,0,0,3,NO,NO
2022-01-01 03:54,BTCUSDT,1m,NONE,—,46848.29,46870.0,46838.69,46863.64,BULL,7.059,0.141,3.1938,0.4524,46840.0,0,0,0,1,N/A,NO
2022-01-01 03:55,BTCUSDT,1m,BULL_ABSORPTION,LONG,46863.64,46870.86,46842.13,46859.01,BEAR,5.9382,0.118,0.8646,0.1456,46840.0,0,0,0,1,NO,NO
2022-01-01 03:56,BTCUSDT,1m,NONE,—,46859.01,46860.92,46851.71,46851.72,BEAR,2.28,0.045,-0.93,0.4079,46850.0,0,0,0,1,N/A,NO
2022-01-01 03:57,BTCUSDT,1m,NONE,—,46851.71,46851.72,46813.21,46815.3,BEAR,10.9304,0.218,-7.364,0.6737,46815.0,0,8,0,2,N/A,NO
2022-01-01 03:58,BTCUSDT,1m,DELTA_DIV,SHORT,46815.3,46823.47,46813.22,46822.52,BULL,5.4762,0.109,-3.373,0.6159,46815.0,0,2,0,1,YES,NO
2022-01-01 03:59,BTCUSDT,1m,NONE,—,46822.53,46822.53,46813.2,46813.2,BEAR,27.147,0.541,-25.0034,0.921,46815.0,0,2,0,1,N/A,NO
2022-01-01 04:00,BTCUSDT,1m,EXHAUSTION_BULL,SHORT,46813.21,46848.47,46813.2,46848.46,BULL,11.0313,0.22,6.2825,0.5695,46815.0,7,0,0,3,YES,NO
2022-01-01 04:01,BTCUSDT,1m,BULL_ABSORPTION,LONG,46848.47,46849.94,46831.87,46846.05,BEAR,5.34,0.106,0.1616,0.0303,46830.0,0,0,0,2,NO,NO
2022-01-01 04:02,BTCUSDT,1m,DELTA_DIV,LONG,46846.05,46846.06,46830.07,46832.44,BEAR,7.6272,0.152,3.4482,0.4521,46830.0,0,0,0,1,YES,NO
2022-01-01 04:03,BTCUSDT,1m,NONE,—,46832.44,46844.93,46832.43,46841.48,BULL,3.1182,0.062,0.7958,0.2552,46830.0,0,0,0,1,N/A,NO
2022-01-01 04:04,BTCUSDT,1m,NONE,—,46841.47,46868.72,46841.47,46860.13,BULL,6.4375,0.128,2.7765,0.4313,46840.0,0,0,0,1,N/A,NO
2022-01-01 04:05,BTCUSDT,1m,DELTA_DIV,SHORT,46864.26,46877.67,46859.96,46875.81,BULL,6.43,0.128,-1.9444,0.3024,46860.0,0,0,0,1,YES,NO
2022-01-01 04:06,BTCUSDT,1m,NONE,—,46875.81,46887.33,46840.0,46840.01,BEAR,13.8429,0.276,-0.9441,0.0682,46840.0,0,0,0,1,N/A,NO
2022-01-01 04:07,BTCUSDT,1m,NONE,—,46840.0,46861.96,46840.0,46850.38,BULL,6.874,0.137,-0.5892,0.0857,46840.0,0,0,0,1,N/A,NO
2022-01-01 04:08,BTCUSDT,1m,NONE,—,46850.37,46859.85,46840.79,46843.85,BEAR,1.9272,0.038,-0.3208,0.1665,46840.0,0,0,0,1,N/A,NO
2022-01-01 04:09,BTCUSDT,1m,BEAR_ABSORPTION,SHORT,46843.84,46857.53,46835.03,46839.04,BEAR,3.3644,0.067,-1.3948,0.4146,46835.0,0,0,0,1,NO,NO
2022-01-01 04:10,BTCUSDT,1m,BULL_ABSORPTION,LONG,46840.99,46845.8,46822.34,46845.79,BULL,5.689,0.113,0.513,0.0902,46820.0,0,0,0,1,NO,NO
2022-01-01 04:11,BTCUSDT,1m,BULL_ABSORPTION,LONG,46845.79,46845.8,46842.64,46845.61,BEAR,3.9805,0.079,-1.0107,0.2539,46845.0,0,0,0,1,NO,NO
2022-01-01 04:12,BTCUSDT,1m,NONE,—,46845.6,46845.61,46800.0,46800.0,BEAR,52.9263,1.055,-52.0371,0.9832,46800.0,0,9,0,2,N/A,NO
2022-01-01 04:13,BTCUSDT,1m,BEAR_ABSORPTION,SHORT,46800.0,46819.74,46778.4,46783.29,BEAR,16.1512,0.322,-0.3656,0.0226,46780.0,0,0,0,2,YES,NO
2022-01-01 04:14,BTCUSDT,1m,NONE,—,46783.29,46783.3,46630.23,46648.04,BEAR,119.7313,2.387,-30.7489,0.2568,46630.0,0,0,0,2,N/A,NO
2022-01-01 04:15,BTCUSDT,1m,BEAR_ABSORPTION,SHORT,46648.04,46705.39,46640.5,46675.44,BULL,21.0925,0.421,4.8607,0.2304,46640.0,0,0,0,1,YES,NO
2022-01-01 04:16,BTCUSDT,1m,BULL_ABSORPTION,LONG,46675.43,46704.11,46591.23,46673.22,BEAR,55.9199,1.115,-25.5139,0.4563,46590.0,0,0,0,2,NO,NO
2022-01-01 04:17,BTCUSDT,1m,BEAR_ABSORPTION,SHORT,46673.22,46691.52,46658.57,46658.57,BEAR,18.3316,0.365,9.1238,0.4977,46660.0,0,0,0,2,YES,NO
2022-01-01 04:18,BTCUSDT,1m,NONE,—,46658.58,46658.58,46624.52,46629.99,BEAR,9.66,0.193,-0.413,0.0428,46625.0,0,0,0,1,N/A,NO
2022-01-01 04:19,BTCUSDT,1m,NONE,—,46629.99,46639.48,46623.49,46632.61,BULL,12.9999,0.259,1.8393,0.1415,46625.0,0,0,0,1,N/A,NO
2022-01-01 04:20,BTCUSDT,1m,EXHAUSTION_BULL,SHORT,46632.61,46680.0,46630.16,46680.0,BULL,7.168,0.143,1.906,0.2659,46630.0,0,0,0,1,YES,NO
2022-01-01 04:21,BTCUSDT,1m,BEAR_ABSORPTION,SHORT,46679.99,46693.89,46658.42,46668.68,BEAR,6.097,0.122,0.4648,0.0762,46660.0,0,0,0,1,NO,NO
2022-01-01 04:22,BTCUSDT,1m,NONE,—,46664.25,46700.65,46664.25,46690.23,BULL,10.6232,0.212,2.6376,0.2483,46665.0,0,0,0,1,N/A,NO
2022-01-01 04:23,BTCUSDT,1m,BULL_ABSORPTION,LONG,46695.05,46695.05,46650.0,46669.45,BEAR,9.6228,0.192,1.953,0.203,46650.0,0,0,0,2,NO,NO
2022-01-01 04:24,BTCUSDT,1m,BEAR_ABSORPTION,SHORT,46669.46,46682.13,46652.52,46662.11,BEAR,3.951,0.079,-0.525,0.1329,46655.0,0,0,0,1,NO,NO
2022-01-01 04:25,BTCUSDT,1m,NONE,—,46662.1,46700.65,46662.1,46690.83,BULL,9.7368,0.194,0.8136,0.0836,46660.0,0,0,0,1,N/A,NO
2022-01-01 04:26,BTCUSDT,1m,NONE,—,46690.83,46714.73,46686.81,46706.95,BULL,11.658,0.232,7.7448,0.6643,46685.0,6,0,0,2,N/A,NO
2022-01-01 04:27,BTCUSDT,1m,BULL_ABSORPTION,LONG,46706.95,46720.13,46681.85,46699.43,BEAR,12.8024,0.255,-6.5416,0.511,46680.0,0,8,0,2,YES,NO
2022-01-01 04:28,BTCUSDT,1m,DELTA_DIV,SHORT,46699.43,46714.17,46695.49,46714.16,BULL,7.3288,0.146,-4.1072,0.5604,46695.0,0,4,0,2,YES,NO
2022-01-01 04:29,BTCUSDT,1m,BULL_ABSORPTION,LONG,46714.17,46718.99,46700.81,46708.14,BEAR,2.9244,0.058,0.0804,0.0275,46700.0,0,0,0,1,NO,NO
2022-01-01 04:30,BTCUSDT,1m,NONE,—,46708.13,46708.3,46680.0,46686.63,BEAR,9.3534,0.186,-1.3554,0.1449,46680.0,0,0,0,1,N/A,NO
2022-01-01 04:31,BTCUSDT,1m,BEAR_ABSORPTION,SHORT,46686.64,46704.41,46674.34,46677.5,BEAR,6.78,0.135,0.3648,0.0538,46675.0,0,0,0,1,NO,NO
2022-01-01 04:32,BTCUSDT,1m,BULL_ABSORPTION,LONG,46677.51,46694.03,46660.76,46691.51,BULL,17.0772,0.34,8.1284,0.476,46660.0,0,0,0,2,YES,NO
2022-01-01 04:33,BTCUSDT,1m,BULL_ABSORPTION,LONG,46691.51,46696.96,46677.62,46693.95,BULL,3.2728,0.065,-0.06,0.0183,46680.0,0,0,0,1,NO,NO
2022-01-01 04:34,BTCUSDT,1m,NONE,—,46693.96,46693.96,46666.99,46667.0,BEAR,5.2735,0.105,-3.9425,0.7476,46665.0,0,5,0,2,N/A,NO
2022-01-01 04:35,BTCUSDT,1m,NONE,—,46667.0,46674.45,46639.18,46648.36,BEAR,7.2429,0.144,-0.6489,0.0896,46640.0,0,0,0,1,N/A,NO
2022-01-01 04:36,BTCUSDT,1m,BEAR_ABSORPTION,SHORT,46648.37,46675.8,46646.37,46652.78,BULL,33.8142,0.674,-24.7386,0.7316,46645.0,0,6,0,3,NO,NO
2022-01-01 04:37,BTCUSDT,1m,NONE,—,46652.78,46671.65,46650.01,46660.0,BULL,6.4524,0.129,4.7196,0.7314,46650.0,4,0,0,2,N/A,NO
2022-01-01 04:38,BTCUSDT,1m,BULL_ABSORPTION,LONG,46660.01,46678.51,46647.67,46673.03,BULL,28.6632,0.571,11.5488,0.4029,46650.0,0,0,0,1,YES,NO
2022-01-01 04:39,BTCUSDT,1m,DELTA_DIV,SHORT,46673.03,46701.18,46670.28,46696.68,BULL,50.7714,1.012,-17.3034,0.3408,46670.0,0,0,0,3,NO,NO
2022-01-01 04:40,BTCUSDT,1m,BULL_ABSORPTION,LONG,46696.68,46723.9,46672.24,46721.73,BULL,27.587,0.55,17.755,0.6436,46670.0,10,0,0,3,YES,NO
2022-01-01 04:41,BTCUSDT,1m,BULL_ABSORPTION,LONG,46721.73,46744.62,46709.01,46742.72,BULL,11.2371,0.224,0.5299,0.0472,46710.0,0,0,0,2,YES,NO
2022-01-01 04:42,BTCUSDT,1m,BULL_ABSORPTION,LONG,46742.71,46753.12,46736.21,46751.18,BULL,4.86,0.097,2.2416,0.4612,46735.0,0,0,0,2,YES,NO
2022-01-01 04:43,BTCUSDT,1m,BEAR_ABSORPTION,SHORT,46751.18,46783.76,46751.15,46756.97,BULL,20.8047,0.415,13.5345,0.6506,46750.0,7,0,0,3,YES,NO
2022-01-01 04:44,BTCUSDT,1m,BEAR_INITIATION,SHORT,46756.97,46762.05,46734.52,46734.52,BEAR,15.24,0.304,-10.7124,0.7029,46735.0,0,6,0,3,NO,NO
2022-01-01 04:45,BTCUSDT,1m,EXHAUSTION_BULL,SHORT,46734.52,46794.32,46729.2,46786.39,BULL,6.4727,0.129,0.1781,0.0275,46730.0,0,0,0,2,YES,NO
2022-01-01 04:46,BTCUSDT,1m,BULL_ABSORPTION,LONG,46786.39,46791.01,46714.45,46757.33,BEAR,35.0475,0.699,-20.9865,0.5988,46715.0,0,15,0,3,YES,NO
2022-01-01 04:47,BTCUSDT,1m,NONE,—,46757.33,46789.94,46757.32,46780.22,BULL,5.1282,0.102,1.0318,0.2012,46755.0,0,0,0,1,N/A,NO
2022-01-01 04:48,BTCUSDT,1m,BULL_ABSORPTION,LONG,46780.22,46780.22,46754.91,46766.13,BEAR,5.282,0.105,-0.168,0.0318,46755.0,0,0,0,1,YES,NO
2022-01-01 04:49,BTCUSDT,1m,BULL_INITIATION,LONG,46766.13,46819.1,46766.13,46819.09,BULL,5.8168,0.116,3.135,0.539,46765.0,11,0,0,2,NO,NO
2022-01-01 04:50,BTCUSDT,1m,BULL_ABSORPTION,LONG,46819.1,46836.59,46800.01,46813.25,BEAR,5.2213,0.104,1.0451,0.2002,46800.0,0,0,0,2,YES,NO
2022-01-01 04:51,BTCUSDT,1m,BULL_ABSORPTION,LONG,46813.24,46842.98,46793.92,46829.4,BULL,31.919,0.636,19.853,0.622,46795.0,10,0,0,3,NO,NO
2022-01-01 04:52,BTCUSDT,1m,DELTA_DIV,LONG,46827.29,46833.71,46819.0,46820.17,BEAR,7.7199,0.154,3.5169,0.4556,46820.0,0,0,0,1,YES,NO
2022-01-01 04:53,BTCUSDT,1m,BULL_ABSORPTION,LONG,46820.17,46833.72,46806.05,46820.47,BULL,14.4588,0.288,4.7304,0.3272,46805.0,0,0,0,1,NO,NO
2022-01-01 04:54,BTCUSDT,1m,EXHAUSTION_BEAR,LONG,46820.46,46833.72,46800.79,46802.24,BEAR,7.1274,0.142,1.8522,0.2599,46800.0,0,0,0,2,NO,NO
2022-01-01 04:55,BTCUSDT,1m,NONE,—,46802.24,46802.25,46767.85,46775.88,BEAR,5.7295,0.114,0.2485,0.0434,46770.0,0,0,0,1,N/A,NO
2022-01-01 04:56,BTCUSDT,1m,BULL_ABSORPTION,LONG,46775.87,46775.88,46750.68,46763.39,BEAR,4.002,0.08,0.807,0.2016,46750.0,0,0,0,2,NO,NO
2022-01-01 04:57,BTCUSDT,1m,NONE,—,46763.38,46763.39,46722.12,46723.33,BEAR,6.4288,0.128,-2.032,0.3161,46720.0,0,0,0,1,N/A,NO
2022-01-01 04:58,BTCUSDT,1m,BEAR_ABSORPTION,SHORT,46723.32,46738.94,46723.32,46727.02,BULL,4.1433,0.083,1.2717,0.3069,46725.0,0,0,0,1,YES,NO
2022-01-01 04:59,BTCUSDT,1m,NONE,—,46727.02,46727.02,46708.0,46711.05,BEAR,4.57,0.091,-0.3012,0.0659,46710.0,0,0,0,1,N/A,NO
2022-01-01 05:00,BTCUSDT,1m,BULL_ABSORPTION,LONG,46711.05,46740.56,46699.53,46740.55,BULL,12.7168,0.254,2.328,0.1831,46700.0,0,0,0,2,NO,NO
2022-01-01 05:01,BTCUSDT,1m,BULL_ABSORPTION,LONG,46740.56,46749.13,46725.72,46730.95,BEAR,7.065,0.141,0.731,0.1035,46725.0,0,0,0,2,NO,NO
2022-01-01 05:02,BTCUSDT,1m,NONE,—,46730.95,46731.86,46715.0,46717.02,BEAR,4.7628,0.095,-0.1872,0.0393,46715.0,0,0,0,1,N/A,NO
2022-01-01 05:03,BTCUSDT,1m,BULL_ABSORPTION,LONG,46717.0,46724.71,46700.25,46709.14,BEAR,13.1315,0.262,-4.4675,0.3402,46700.0,0,0,0,1,NO,NO
2022-01-01 05:04,BTCUSDT,1m,BULL_ABSORPTION,LONG,46709.14,46717.68,46696.18,46700.18,BEAR,9.8684,0.197,0.9252,0.0938,46695.0,0,0,0,1,NO,NO
2022-01-01 05:05,BTCUSDT,1m,EXHAUSTION_BEAR,LONG,46700.18,46700.19,46678.94,46678.95,BEAR,3.4528,0.069,0.7168,0.2076,46680.0,0,0,0,2,NO,NO
2022-01-01 05:06,BTCUSDT,1m,BULL_ABSORPTION,LONG,46678.95,46686.03,46673.94,46677.0,BEAR,6.1222,0.122,0.4634,0.0757,46675.0,0,0,0,2,YES,NO
2022-01-01 05:07,BTCUSDT,1m,BULL_INITIATION,LONG,46677.0,46709.4,46675.21,46698.58,BULL,4.8601,0.097,3.4447,0.7088,46675.0,7,0,0,3,YES,NO
2022-01-01 05:08,BTCUSDT,1m,NONE,—,46698.58,46704.09,46698.58,46703.9,BULL,3.8299,0.076,1.1975,0.3127,46700.0,0,0,0,1,N/A,NO
2022-01-01 05:09,BTCUSDT,1m,NONE,—,46703.91,46703.91,46682.73,46682.73,BEAR,3.368,0.067,-0.6328,0.1879,46685.0,0,0,0,1,N/A,NO
2022-01-01 05:10,BTCUSDT,1m,BEAR_ABSORPTION,SHORT,46682.91,46708.64,46682.73,46698.99,BULL,5.77,0.115,0.583,0.101,46685.0,0,0,0,1,NO,NO
2022-01-01 05:11,BTCUSDT,1m,NONE,—,46698.98,46726.1,46692.69,46725.08,BULL,9.9351,0.198,2.3135,0.2329,46695.0,0,0,0,1,N/A,NO
2022-01-01 05:12,BTCUSDT,1m,EXHAUSTION_BULL,SHORT,46725.08,46728.17,46705.86,46709.32,BEAR,4.484,0.089,-0.1224,0.0273,46705.0,0,0,0,1,NO,NO
2022-01-01 05:13,BTCUSDT,1m,NONE,—,46709.31,46756.04,46709.31,46754.85,BULL,6.4224,0.128,4.5522,0.7088,46710.0,9,0,0,2,N/A,NO
2022-01-01 05:14,BTCUSDT,1m,NONE,—,46754.85,46780.0,46744.35,46780.0,BULL,7.7497,0.155,2.9799,0.3845,46745.0,0,0,0,1,N/A,NO
2022-01-01 05:15,BTCUSDT,1m,BULL_ABSORPTION,LONG,46780.0,46780.0,46762.63,46772.74,BEAR,3.477,0.069,0.4416,0.127,46765.0,0,0,0,1,YES,NO
2022-01-01 05:16,BTCUSDT,1m,NONE,—,46772.75,46780.0,46771.14,46778.0,BULL,5.194,0.104,0.06,0.0116,46770.0,0,0,0,1,N/A,NO
2022-01-01 05:17,BTCUSDT,1m,BULL_INITIATION,LONG,46778.0,46819.82,46771.34,46818.36,BULL,10.942,0.218,6.042,0.5522,46770.0,10,0,0,2,YES,NO
2022-01-01 05:18,BTCUSDT,1m,EXHAUSTION_BULL,SHORT,46818.35,46820.0,46816.23,46819.99,BULL,6.1463,0.123,1.1667,0.1898,46815.0,0,0,0,1,YES,NO
2022-01-01 05:19,BTCUSDT,1m,BULL_ABSORPTION,LONG,46820.0,46820.0,46809.58,46820.0,BEAR,6.5038,0.13,-0.5818,0.0895,46810.0,0,0,0,1,YES,NO
2022-01-01 05:20,BTCUSDT,1m,BULL_INITIATION,LONG,46819.99,46895.7,46816.13,46895.46,BULL,17.9504,0.358,9.08,0.5058,46815.0,16,0,0,3,YES,NO
2022-01-01 05:21,BTCUSDT,1m,BULL_ABSORPTION,LONG,46893.33,46899.0,46870.13,46899.0,BULL,5.7552,0.115,-2.454,0.4264,46870.0,0,0,0,2,YES,NO
2022-01-01 05:22,BTCUSDT,1m,NONE,—,46899.0,47087.0,46898.99,47053.26,BULL,113.9848,2.273,39.672,0.348,46900.0,0,0,0,2,N/A,NO
2022-01-01 05:23,BTCUSDT,1m,NONE,—,47053.26,47271.52,47041.59,47202.71,BULL,137.4434,2.74,23.1702,0.1686,47040.0,0,0,0,2,N/A,YES
2022-01-01 05:24,BTCUSDT,1m,NONE,—,47202.71,47457.0,47194.12,47439.06,BULL,91.4992,1.824,30.7612,0.3362,47195.0,0,0,0,2,N/A,NO
2022-01-01 05:25,BTCUSDT,1m,NONE,—,47439.06,47455.25,47354.45,47368.23,BEAR,67.364,1.343,6.316,0.0938,47355.0,0,0,0,1,N/A,NO
2022-01-01 05:26,BTCUSDT,1m,NONE,—,47368.24,47436.39,47342.79,47410.0,BULL,43.434,0.866,-1.1742,0.027,47345.0,0,0,0,1,N/A,NO
2022-01-01 05:27,BTCUSDT,1m,BEAR_ABSORPTION,SHORT,47410.0,47500.0,47398.7,47452.96,BULL,64.696,1.29,20.82,0.3218,47400.0,0,0,0,2,YES,NO
2022-01-01 05:28,BTCUSDT,1m,NONE,—,47452.95,47463.19,47365.15,47385.54,BEAR,70.908,1.414,-2.12,0.0299,47365.0,0,0,0,1,N/A,NO
2022-01-01 05:29,BTCUSDT,1m,BULL_ABSORPTION,LONG,47385.54,47399.17,47364.35,47379.13,BEAR,44.2491,0.882,4.0607,0.0918,47365.0,0,0,0,1,YES,NO
2022-01-01 05:30,BTCUSDT,1m,BEAR_ABSORPTION,SHORT,47379.13,47555.55,47379.13,47483.39,BULL,100.527,2.004,24.115,0.2399,47380.0,0,0,0,2,YES,NO
2022-01-01 05:31,BTCUSDT,1m,BULL_ABSORPTION,LONG,47483.39,47509.15,47436.05,47463.01,BEAR,21.5805,0.43,-1.0215,0.0473,47435.0,0,0,0,1,YES,NO
2022-01-01 05:32,BTCUSDT,1m,BEAR_ABSORPTION,SHORT,47463.01,47499.51,47456.79,47470.03,BULL,10.4184,0.208,-2.6172,0.2512,47455.0,0,0,0,2,NO,NO
2022-01-01 05:33,BTCUSDT,1m,NONE,—,47470.03,47499.99,47466.36,47499.97,BULL,13.7305,0.274,5.8835,0.4285,47465.0,0,0,0,1,N/A,NO
2022-01-01 05:34,BTCUSDT,1m,NONE,—,47499.98,47519.66,47472.18,47476.78,BEAR,14.7609,0.294,1.3113,0.0888,47470.0,0,0,0,1,N/A,NO
2022-01-01 05:35,BTCUSDT,1m,NONE,—,47476.78,47519.79,47470.2,47514.59,BULL,24.53,0.489,4.43,0.1806,47470.0,0,0,0,1,N/A,NO
2022-01-01 05:36,BTCUSDT,1m,EXHAUSTION_BULL,SHORT,47511.01,47520.87,47494.16,47498.2,BEAR,11.463,0.229,-4.103,0.3579,47495.0,0,0,0,1,YES,NO
2022-01-01 05:37,BTCUSDT,1m,CVD_DIV,SHORT,47498.2,47520.0,47459.63,47473.0,BEAR,40.4856,0.807,-23.8176,0.5883,47460.0,0,12,0,2,YES,NO
2022-01-01 05:38,BTCUSDT,1m,EXHAUSTION_BEAR,LONG,47474.15,47477.14,47437.12,47443.6,BEAR,7.1,0.142,1.6616,0.234,47435.0,0,0,0,2,YES,NO
2022-01-01 05:39,BTCUSDT,1m,BEAR_ABSORPTION,SHORT,47443.6,47500.0,47442.4,47471.95,BULL,12.798,0.255,1.7772,0.1389,47440.0,0,0,0,1,YES,NO
2022-01-01 05:40,BTCUSDT,1m,NONE,—,47471.95,47471.96,47450.0,47450.33,BEAR,11.0864,0.221,-2.6296,0.2372,47450.0,0,0,0,1,N/A,NO
2022-01-01 05:41,BTCUSDT,1m,NONE,—,47450.33,47454.66,47316.4,47318.32,BEAR,34.342,0.685,-5.5412,0.1614,47315.0,0,0,0,1,N/A,NO
2022-01-01 05:42,BTCUSDT,1m,BULL_ABSORPTION,LONG,47320.58,47320.58,47226.39,47266.72,BEAR,70.8662,1.413,12.0422,0.1699,47225.0,0,0,0,2,YES,NO
2022-01-01 05:43,BTCUSDT,1m,BULL_INITIATION,LONG,47266.71,47318.31,47261.82,47316.43,BULL,26.9247,0.537,17.3965,0.6461,47260.0,11,0,0,3,NO,NO
2022-01-01 05:44,BTCUSDT,1m,BEAR_ABSORPTION,SHORT,47318.31,47338.46,47300.0,47300.0,BEAR,6.7648,0.135,-0.3552,0.0525,47300.0,0,0,0,2,YES,NO
2022-01-01 05:45,BTCUSDT,1m,NONE,—,47300.01,47300.01,47188.55,47222.02,BEAR,21.3774,0.426,2.6026,0.1217,47190.0,0,0,0,1,N/A,NO
2022-01-01 05:46,BTCUSDT,1m,BEAR_ABSORPTION,SHORT,47222.02,47259.27,47218.2,47226.59,BULL,10.4152,0.208,-5.2824,0.5072,47220.0,0,8,0,3,YES,NO
2022-01-01 05:47,BTCUSDT,1m,NONE,—,47225.94,47235.46,47195.42,47200.42,BEAR,12.2584,0.244,-4.3064,0.3513,47195.0,0,0,0,1,N/A,NO
2022-01-01 05:48,BTCUSDT,1m,BULL_ABSORPTION,LONG,47200.43,47208.91,47168.04,47193.54,BEAR,32.784,0.654,-22.184,0.6767,47170.0,0,8,0,2,YES,NO
2022-01-01 05:49,BTCUSDT,1m,BULL_INITIATION,LONG,47193.54,47272.36,47187.44,47240.73,BULL,16.0531,0.32,8.7193,0.5432,47185.0,17,0,0,3,NO,NO
2022-01-01 05:50,BTCUSDT,1m,NONE,—,47240.73,47240.76,47180.38,47196.0,BEAR,5.376,0.107,-2.9208,0.5433,47180.0,0,12,0,2,N/A,NO
2022-01-01 05:51,BTCUSDT,1m,BEAR_ABSORPTION,SHORT,47195.99,47236.55,47192.72,47207.2,BULL,12.2463,0.244,-1.5741,0.1285,47195.0,0,0,0,1,NO,NO
2022-01-01 05:52,BTCUSDT,1m,NONE,—,47207.2,47274.98,47196.51,47259.54,BULL,15.1488,0.302,2.8288,0.1867,47195.0,0,0,0,1,N/A,NO
2022-01-01 05:53,BTCUSDT,1m,BULL_ABSORPTION,LONG,47259.54,47273.4,47250.0,47270.0,BULL,7.717,0.154,-0.917,0.1188,47250.0,0,0,0,1,NO,NO
2022-01-01 05:54,BTCUSDT,1m,BEAR_ABSORPTION,SHORT,47269.99,47314.47,47250.0,47266.37,BEAR,12.2681,0.245,0.8359,0.0681,47250.0,0,0,0,1,YES,NO
2022-01-01 05:55,BTCUSDT,1m,BEAR_ABSORPTION,SHORT,47266.38,47299.99,47250.0,47250.01,BEAR,8.46,0.169,-3.728,0.4407,47250.0,0,0,0,2,YES,NO
2022-01-01 05:56,BTCUSDT,1m,NONE,—,47250.01,47250.02,47158.01,47181.97,BEAR,18.9036,0.377,-3.2832,0.1737,47160.0,0,0,0,1,N/A,NO
2022-01-01 05:57,BTCUSDT,1m,BULL_ABSORPTION,LONG,47181.98,47197.93,47135.3,47183.34,BULL,14.3533,0.286,3.8155,0.2658,47135.0,0,0,0,2,NO,NO
2022-01-01 05:58,BTCUSDT,1m,BEAR_ABSORPTION,SHORT,47183.33,47214.6,47179.99,47180.0,BEAR,5.5454,0.111,-0.9338,0.1684,47180.0,0,0,0,1,NO,NO
2022-01-01 05:59,BTCUSDT,1m,BEAR_ABSORPTION,SHORT,47180.01,47214.59,47180.0,47192.55,BULL,7.3752,0.147,0.539,0.0731,47180.0,0,0,0,1,NO,NO
2022-01-01 06:00,BTCUSDT,1m,BEAR_ABSORPTION,SHORT,47192.56,47237.35,47189.54,47193.66,BULL,12.004,0.239,4.518,0.3764,47190.0,0,0,0,1,YES,NO
2022-01-01 06:01,BTCUSDT,1m,EXHAUSTION_BEAR,LONG,47193.66,47200.0,47161.91,47161.91,BEAR,4.6248,0.092,-1.1048,0.2389,47160.0,0,0,0,2,YES,NO
2022-01-01 06:02,BTCUSDT,1m,BEAR_ABSORPTION,SHORT,47161.91,47192.79,47160.0,47173.5,BULL,10.2697,0.205,3.1115,0.303,47160.0,0,0,0,2,YES,NO
2022-01-01 06:03,BTCUSDT,1m,BULL_ABSORPTION,LONG,47173.5,47173.51,47136.52,47156.65,BEAR,9.4878,0.189,-2.8826,0.3038,47135.0,0,0,0,2,NO,NO
2022-01-01 06:04,BTCUSDT,1m,NONE,—,47156.64,47156.65,47111.0,47111.01,BEAR,23.9364,0.477,-15.408,0.6437,47110.0,0,9,0,2,N/A,NO
2022-01-01 06:05,BTCUSDT,1m,BULL_ABSORPTION,LONG,47111.0,47152.63,47089.43,47147.89,BULL,24.8924,0.496,7.4074,0.2976,47090.0,0,0,0,1,YES,NO
2022-01-01 06:06,BTCUSDT,1m,BULL_INITIATION,LONG,47147.89,47184.99,47145.82,47181.19,BULL,5.3168,0.106,2.6704,0.5023,47145.0,8,0,0,3,YES,NO
2022-01-01 06:07,BTCUSDT,1m,BULL_ABSORPTION,LONG,47181.19,47185.0,47149.52,47185.0,BULL,5.3515,0.107,-1.6065,0.3002,47150.0,0,0,0,2,YES,NO
2022-01-01 06:08,BTCUSDT,1m,BULL_ABSORPTION,LONG,47184.99,47200.0,47166.37,47200.0,BULL,6.8719,0.137,1.2355,0.1798,47165.0,0,0,0,2,YES,NO
2022-01-01 06:09,BTCUSDT,1m,DELTA_DIV,SHORT,47199.99,47278.62,47199.99,47269.3,BULL,18.9952,0.379,-5.8464,0.3078,47200.0,0,0,0,2,YES,NO
2022-01-01 06:10,BTCUSDT,1m,NONE,—,47269.3,47271.2,47240.01,47249.45,BEAR,13.2816,0.265,-1.2168,0.0916,47240.0,0,0,0,1,N/A,NO
2022-01-01 06:11,BTCUSDT,1m,NONE,—,47249.44,47281.68,47249.44,47271.88,BULL,10.3746,0.207,3.6234,0.3493,47250.0,0,0,0,1,N/A,NO
2022-01-01 06:12,BTCUSDT,1m,EXHAUSTION_BULL,SHORT,47271.87,47290.0,47271.87,47289.97,BULL,4.1128,0.082,0.8912,0.2167,47270.0,0,0,0,1,NO,NO
2022-01-01 06:13,BTCUSDT,1m,BEAR_ABSORPTION,SHORT,47289.96,47320.0,47287.6,47300.72,BULL,13.452,0.268,0.222,0.0165,47290.0,0,0,0,1,NO,NO
2022-01-01 06:14,BTCUSDT,1m,BEAR_ABSORPTION,SHORT,47300.71,47324.42,47293.01,47307.04,BULL,6.1734,0.123,-0.0342,0.0055,47295.0,0,0,0,2,YES,NO
2022-01-01 06:15,BTCUSDT,1m,NONE,—,47307.03,47307.04,47258.73,47259.14,BEAR,4.419,0.088,-1.079,0.2442,47260.0,0,0,0,1,N/A,NO
2022-01-01 06:16,BTCUSDT,1m,NONE,—,47263.01,47270.25,47238.86,47238.87,BEAR,4.344,0.087,-0.5088,0.1171,47240.0,0,0,0,1,N/A,NO
2022-01-01 06:17,BTCUSDT,1m,DELTA_DIV,LONG,47238.86,47256.17,47210.09,47210.1,BEAR,7.2252,0.144,2.862,0.3961,47210.0,0,0,0,2,NO,NO
2022-01-01 06:18,BTCUSDT,1m,BULL_ABSORPTION,LONG,47210.09,47234.34,47196.16,47206.06,BEAR,4.3664,0.087,0.6064,0.1389,47195.0,0,0,0,2,NO,NO
2022-01-01 06:19,BTCUSDT,1m,BULL_ABSORPTION,LONG,47207.72,47210.03,47188.15,47199.5,BEAR,5.1444,0.103,-2.3804,0.4627,47190.0,0,0,0,1,YES,NO
2022-01-01 06:20,BTCUSDT,1m,DELTA_DIV,SHORT,47199.5,47215.33,47197.96,47215.32,BULL,2.5659,0.051,-0.5181,0.2019,47200.0,0,0,0,1,YES,NO
2022-01-01 06:21,BTCUSDT,1m,DELTA_DIV,LONG,47215.33,47219.97,47205.0,47208.81,BEAR,5.6853,0.113,1.3791,0.2426,47205.0,0,0,0,1,NO,NO
2022-01-01 06:22,BTCUSDT,1m,CVD_DIV,LONG,47208.8,47214.77,47173.39,47181.92,BEAR,7.2832,0.145,-1.1216,0.154,47175.0,0,0,0,1,YES,NO
2022-01-01 06:23,BTCUSDT,1m,BULL_ABSORPTION,LONG,47181.93,47186.24,47170.6,47183.44,BULL,5.079,0.101,-2.0868,0.4109,47170.0,0,0,0,2,NO,NO
2022-01-01 06:24,BTCUSDT,1m,BEAR_ABSORPTION,SHORT,47183.44,47193.79,47177.93,47177.94,BEAR,2.4201,0.048,-0.6885,0.2845,47180.0,0,0,0,1,YES,NO
2022-01-01 06:25,BTCUSDT,1m,BEAR_INITIATION,SHORT,47177.93,47177.94,47128.28,47140.87,BEAR,14.904,0.297,-10.66,0.7152,47130.0,0,10,0,2,YES,NO
2022-01-01 06:26,BTCUSDT,1m,BULL_ABSORPTION,LONG,47140.87,47142.24,47121.21,47127.88,BEAR,6.4076,0.128,-2.5404,0.3965,47120.0,0,0,0,2,YES,NO
2022-01-01 06:27,BTCUSDT,1m,BULL_INITIATION,LONG,47127.88,47177.52,47123.69,47163.88,BULL,20.9077,0.417,10.9241,0.5225,47125.0,11,0,0,3,NO,NO
2022-01-01 06:28,BTCUSDT,1m,NONE,—,47163.88,47163.88,47129.89,47139.93,BEAR,3.1395,0.063,-0.2569,0.0818,47130.0,0,0,0,1,N/A,NO
2022-01-01 06:29,BTCUSDT,1m,BULL_ABSORPTION,LONG,47139.94,47142.95,47119.37,47130.36,BEAR,4.866,0.097,0.197,0.0405,47120.0,0,0,0,1,NO,NO
2022-01-01 06:30,BTCUSDT,1m,BULL_ABSORPTION,LONG,47130.37,47137.18,47116.13,47124.11,BEAR,2.4448,0.049,-0.7544,0.3086,47115.0,0,0,0,2,NO,NO
2022-01-01 06:31,BTCUSDT,1m,BULL_ABSORPTION,LONG,47124.11,47129.81,47112.91,47123.23,BEAR,4.1439,0.083,1.5975,0.3855,47115.0,0,0,0,2,NO,NO
2022-01-01 06:32,BTCUSDT,1m,NONE,—,47123.23,47129.99,47112.91,47118.69,BEAR,4.2801,0.085,0.1131,0.0264,47115.0,0,0,0,1,N/A,NO
2022-01-01 06:33,BTCUSDT,1m,BULL_INITIATION,LONG,47118.69,47140.98,47113.08,47140.79,BULL,4.5264,0.09,3.0276,0.6689,47115.0,6,0,0,2,YES,NO
2022-01-01 06:34,BTCUSDT,1m,BEAR_ABSORPTION,SHORT,47137.01,47179.65,47136.0,47144.41,BULL,11.0025,0.219,0.5229,0.0475,47135.0,0,0,0,1,NO,NO
2022-01-01 06:35,BTCUSDT,1m,NONE,—,47144.42,47179.62,47136.07,47175.13,BULL,6.9048,0.138,3.0852,0.4468,47135.0,0,0,0,1,N/A,NO
2022-01-01 06:36,BTCUSDT,1m,BEAR_ABSORPTION,SHORT,47175.14,47194.0,47173.72,47176.93,BULL,3.9836,0.079,-1.7372,0.4361,47175.0,0,0,0,2,YES,NO
2022-01-01 06:37,BTCUSDT,1m,NONE,—,47176.93,47176.93,47144.25,47150.48,BEAR,3.521,0.07,-0.8274,0.235,47145.0,0,0,0,1,N/A,NO
2022-01-01 06:38,BTCUSDT,1m,BULL_ABSORPTION,LONG,47150.48,47154.68,47142.02,47149.99,BEAR,4.3548,0.087,-0.6072,0.1394,47140.0,0,0,0,1,NO,NO
2022-01-01 06:39,BTCUSDT,1m,BULL_ABSORPTION,LONG,47149.99,47149.99,47115.8,47143.13,BEAR,5.5769,0.111,-1.8221,0.3267,47115.0,0,0,0,1,YES,NO
2022-01-01 06:40,BTCUSDT,1m,BEAR_ABSORPTION,SHORT,47143.12,47175.33,47133.71,47155.02,BULL,4.74,0.095,0.284,0.0599,47135.0,0,0,0,1,NO,NO
2022-01-01 06:41,BTCUSDT,1m,BEAR_ABSORPTION,SHORT,47153.35,47172.72,47153.35,47155.05,BULL,4.2564,0.085,-2.3676,0.5562,47155.0,0,4,0,3,NO,NO
2022-01-01 06:42,BTCUSDT,1m,CVD_DIV,SHORT,47155.05,47189.71,47155.05,47185.02,BULL,7.8848,0.157,1.582,0.2006,47155.0,0,0,0,1,YES,NO
2022-01-01 06:43,BTCUSDT,1m,BULL_ABSORPTION,LONG,47185.01,47197.32,47161.4,47180.18,BEAR,7.4032,0.148,-2.856,0.3858,47160.0,0,0,0,2,NO,NO
2022-01-01 06:44,BTCUSDT,1m,BULL_ABSORPTION,LONG,47180.18,47186.85,47146.39,47158.02,BEAR,11.7216,0.234,-4.72,0.4027,47145.0,0,0,0,1,YES,NO
2022-01-01 06:45,BTCUSDT,1m,BULL_ABSORPTION,LONG,47158.02,47197.34,47130.0,47197.33,BULL,28.7911,0.574,22.1039,0.7677,47130.0,13,0,0,3,NO,NO
2022-01-01 06:46,BTCUSDT,1m,BEAR_ABSORPTION,SHORT,47197.33,47235.49,47178.0,47181.55,BEAR,18.4899,0.369,-0.1397,0.0076,47180.0,0,0,0,2,YES,NO
2022-01-01 06:47,BTCUSDT,1m,NONE,—,47181.55,47182.87,47064.06,47070.54,BEAR,30.9504,0.617,-11.9856,0.3873,47065.0,0,0,0,1,N/A,NO
2022-01-01 06:48,BTCUSDT,1m,BULL_ABSORPTION,LONG,47070.53,47074.82,47032.66,47065.01,BEAR,17.6928,0.353,-1.8784,0.1062,47035.0,0,0,0,2,YES,NO
2022-01-01 06:49,BTCUSDT,1m,BEAR_ABSORPTION,SHORT,47065.0,47099.18,47064.74,47072.34,BULL,9.4346,0.188,-2.8532,0.3024,47065.0,0,0,0,2,YES,NO
2022-01-01 06:50,BTCUSDT,1m,CVD_DIV,SHORT,47072.35,47084.48,47034.21,47034.98,BEAR,9.017,0.18,-3.301,0.3661,47035.0,0,0,0,1,NO,NO
2022-01-01 06:51,BTCUSDT,1m,CVD_DIV,LONG,47034.99,47068.51,47034.98,47061.97,BULL,8.4735,0.169,3.7947,0.4478,47035.0,0,0,0,1,YES,NO
2022-01-01 06:52,BTCUSDT,1m,BULL_ABSORPTION,LONG,47061.97,47080.92,47054.11,47071.51,BULL,3.625,0.072,-0.972,0.2681,47055.0,0,0,0,2,NO,NO
2022-01-01 06:53,BTCUSDT,1m,CVD_DIV,SHORT,47071.51,47080.89,47031.32,47038.45,BEAR,7.912,0.158,-1.776,0.2245,47030.0,0,0,0,1,NO,NO
2022-01-01 06:54,BTCUSDT,1m,BULL_ABSORPTION,LONG,47038.46,47052.97,47031.32,47041.23,BULL,4.0068,0.08,-0.134,0.0334,47030.0,0,0,0,1,YES,NO
2022-01-01 06:55,BTCUSDT,1m,BULL_ABSORPTION,LONG,47042.56,47051.71,47034.84,47046.99,BULL,3.4572,0.069,0.3234,0.0935,47035.0,0,0,0,1,YES,NO
2022-01-01 06:56,BTCUSDT,1m,NONE,—,47047.0,47075.63,47045.54,47071.47,BULL,3.753,0.075,1.8354,0.489,47045.0,0,0,0,1,N/A,NO
2022-01-01 06:57,BTCUSDT,1m,NONE,—,47071.48,47113.18,47071.47,47100.09,BULL,36.0088,0.718,26.9576,0.7486,47070.0,8,0,0,2,N/A,NO
2022-01-01 06:58,BTCUSDT,1m,BULL_ABSORPTION,LONG,47100.08,47109.04,47071.47,47092.84,BEAR,9.7696,0.195,-4.7504,0.4862,47070.0,0,0,0,1,NO,NO
2022-01-01 06:59,BTCUSDT,1m,NONE,—,47092.84,47092.84,46940.0,46979.62,BEAR,67.9458,1.355,-26.5484,0.3907,46940.0,0,0,0,2,N/A,NO
2022-01-01 07:00,BTCUSDT,1m,BULL_ABSORPTION,LONG,46979.61,47000.0,46966.14,47000.0,BULL,9.8665,0.197,-1.4357,0.1455,46965.0,0,0,0,1,NO,NO
2022-01-01 07:01,BTCUSDT,1m,NONE,—,46999.99,47000.0,46930.03,46947.02,BEAR,28.9744,0.578,-9.2204,0.3182,46930.0,0,0,0,1,N/A,NO
2022-01-01 07:02,BTCUSDT,1m,BEAR_ABSORPTION,SHORT,46947.03,46993.81,46943.45,46967.4,BULL,7.112,0.142,2.054,0.2888,46945.0,0,0,0,1,NO,NO
2022-01-01 07:03,BTCUSDT,1m,NONE,—,46967.39,47000.0,46961.18,46994.94,BULL,5.4952,0.11,-0.6728,0.1224,46960.0,0,0,0,1,N/A,NO
2022-01-01 07:04,BTCUSDT,1m,NONE,—,46994.94,47044.25,46972.6,47044.24,BULL,10.0968,0.201,4.8216,0.4775,46975.0,0,0,0,1,N/A,NO
2022-01-01 07:05,BTCUSDT,1m,NONE,—,47044.24,47044.26,47014.74,47019.68,BEAR,11.3214,0.226,-1.773,0.1566,47015.0,0,0,0,1,N/A,NO
2022-01-01 07:06,BTCUSDT,1m,DELTA_DIV,SHORT,47019.68,47044.26,47019.68,47042.01,BULL,3.6015,0.072,-2.1165,0.5877,47020.0,0,5,0,3,YES,NO
2022-01-01 07:07,BTCUSDT,1m,NONE,—,47042.0,47044.26,47009.76,47012.89,BEAR,5.9535,0.119,-4.6991,0.7893,47010.0,0,7,0,2,N/A,NO
2022-01-01 07:08,BTCUSDT,1m,BULL_ABSORPTION,LONG,47010.48,47010.48,46864.84,46945.12,BEAR,54.3895,1.084,-27.4717,0.5051,46865.0,0,29,0,2,YES,NO
2022-01-01 07:09,BTCUSDT,1m,NONE,—,46945.11,46969.04,46940.56,46957.21,BULL,4.6836,0.093,-0.9084,0.194,46940.0,0,0,0,1,N/A,NO
2022-01-01 07:10,BTCUSDT,1m,BULL_ABSORPTION,LONG,46957.2,46974.52,46941.8,46955.14,BEAR,8.5708,0.171,-1.4238,0.1661,46940.0,0,0,0,2,NO,NO
2022-01-01 07:11,BTCUSDT,1m,BEAR_ABSORPTION,SHORT,46955.14,46978.42,46949.5,46949.5,BEAR,6.897,0.138,4.6086,0.6682,46950.0,6,0,0,3,NO,NO
2022-01-01 07:12,BTCUSDT,1m,NONE,—,46949.83,46968.31,46946.96,46966.95,BULL,6.786,0.135,-0.5412,0.0798,46945.0,0,0,0,1,N/A,NO
2022-01-01 07:13,BTCUSDT,1m,BULL_ABSORPTION,LONG,46966.96,46966.96,46934.28,46959.68,BEAR,4.7908,0.096,-1.2628,0.2636,46935.0,0,0,0,1,YES,NO
2022-01-01 07:14,BTCUSDT,1m,NONE,—,46959.68,46990.24,46954.81,46990.23,BULL,6.839,0.136,0.8526,0.1247,46955.0,0,0,0,1,N/A,NO
2022-01-01 07:15,BTCUSDT,1m,BULL_ABSORPTION,LONG,46990.23,46992.58,46970.0,46992.38,BULL,4.45,0.089,1.637,0.3679,46970.0,0,0,0,2,YES,NO
2022-01-01 07:16,BTCUSDT,1m,BULL_INITIATION,LONG,46992.39,47015.3,46991.57,47012.93,BULL,13.87,0.277,7.545,0.544,46990.0,5,0,0,2,NO,NO
2022-01-01 07:17,BTCUSDT,1m,BULL_ABSORPTION,LONG,47012.93,47024.01,47001.81,47012.29,BEAR,4.4428,0.089,0.6708,0.151,47000.0,0,0,0,2,YES,NO
2022-01-01 07:18,BTCUSDT,1m,NONE,—,47014.13,47035.68,47010.0,47031.24,BULL,4.501,0.09,-0.46,0.1022,47010.0,0,0,0,1,N/A,NO
2022-01-01 07:19,BTCUSDT,1m,BULL_ABSORPTION,LONG,47031.24,47045.88,46996.09,47041.45,BULL,14.537,0.29,1.069,0.0735,46995.0,0,0,0,1,YES,NO
2022-01-01 07:20,BTCUSDT,1m,BULL_ABSORPTION,LONG,47041.44,47052.98,47023.12,47043.92,BULL,4.6824,0.093,-0.342,0.073,47025.0,0,0,0,2,NO,NO
2022-01-01 07:21,BTCUSDT,1m,NONE,—,47043.92,47046.15,47027.72,47034.89,BEAR,4.1456,0.083,-0.0984,0.0237,47030.0,0,0,0,1,N/A,NO
2022-01-01 07:22,BTCUSDT,1m,NONE,—,47032.1,47034.89,46983.62,46985.0,BEAR,3.918,0.078,-0.94,0.2399,46985.0,0,0,0,1,N/A,NO
2022-01-01 07:23,BTCUSDT,1m,BULL_ABSORPTION,LONG,46985.0,46987.64,46951.8,46967.75,BEAR,18.1412,0.362,-9.4038,0.5184,46950.0,0,7,0,2,YES,NO
2022-01-01 07:24,BTCUSDT,1m,NONE,—,46967.75,46993.56,46961.51,46980.01,BULL,15.4704,0.308,7.2816,0.4707,46960.0,0,0,0,1,N/A,NO
2022-01-01 07:25,BTCUSDT,1m,EXHAUSTION_BULL,SHORT,46980.0,47009.6,46980.0,46998.64,BULL,7.2456,0.144,3.4284,0.4732,46980.0,0,0,0,1,YES,NO
2022-01-01 07:26,BTCUSDT,1m,NONE,—,46998.65,47002.4,46971.82,46977.04,BEAR,5.5266,0.11,-2.6598,0.4813,46970.0,0,0,0,1,N/A,NO
2022-01-01 07:27,BTCUSDT,1m,NONE,—,46976.11,46984.56,46974.67,46984.51,BULL,4.8,0.096,-0.6752,0.1407,46975.0,0,0,0,1,N/A,NO
2022-01-01 07:28,BTCUSDT,1m,NONE,—,46984.51,46984.52,46950.27,46950.28,BEAR,8.561,0.171,-5.0036,0.5845,46950.0,0,7,0,2,N/A,NO
2022-01-01 07:29,BTCUSDT,1m,BEAR_ABSORPTION,SHORT,46950.27,46971.2,46948.41,46959.61,BULL,5.5885,0.111,0.7975,0.1427,46950.0,0,0,0,2,NO,NO
2022-01-01 07:30,BTCUSDT,1m,DELTA_DIV,SHORT,46959.61,46992.88,46945.77,46988.45,BULL,6.7014,0.134,-1.6542,0.2468,46945.0,0,0,0,2,YES,NO
2022-01-01 07:31,BTCUSDT,1m,BULL_ABSORPTION,LONG,46988.45,46992.38,46957.88,46981.68,BEAR,5.4873,0.109,0.4263,0.0777,46960.0,0,0,0,1,NO,NO
2022-01-01 07:32,BTCUSDT,1m,BULL_ABSORPTION,LONG,46981.68,46981.68,46955.68,46967.48,BEAR,3.808,0.076,-1.122,0.2946,46955.0,0,0,0,1,YES,NO
2022-01-01 07:33,BTCUSDT,1m,NONE,—,46967.49,46987.17,46965.45,46987.17,BULL,4.84,0.096,2.4152,0.499,46965.0,0,0,0,1,N/A,NO
2022-01-01 07:34,BTCUSDT,1m,BEAR_ABSORPTION,SHORT,46987.17,47011.6,46986.67,46992.68,BULL,7.84,0.156,-2.038,0.2599,46985.0,0,0,0,2,YES,NO
2022-01-01 07:35,BTCUSDT,1m,CVD_DIV,SHORT,46992.68,46999.76,46963.59,46972.69,BEAR,23.4416,0.467,-8.6436,0.3687,46965.0,0,0,0,1,NO,NO
2022-01-01 07:36,BTCUSDT,1m,NONE,—,46972.69,46998.1,46972.69,46996.53,BULL,4.7445,0.095,2.8945,0.6101,46975.0,5,0,0,2,N/A,NO
2022-01-01 07:37,BTCUSDT,1m,NONE,—,46996.54,47042.32,46995.34,47041.08,BULL,9.3339,0.186,4.6215,0.4951,46995.0,0,0,0,1,N/A,NO
2022-01-01 07:38,BTCUSDT,1m,NONE,—,47041.08,47042.32,46997.8,47008.25,BEAR,6.8544,0.137,-2.0556,0.2999,47000.0,0,0,0,1,N/A,NO
2022-01-01 07:39,BTCUSDT,1m,NONE,—,47008.25,47059.71,47008.25,47059.53,BULL,9.568,0.191,3.38,0.3533,47010.0,0,0,0,1,N/A,NO
2022-01-01 07:40,BTCUSDT,1m,EXHAUSTION_BULL,SHORT,47059.54,47064.27,47034.38,47039.21,BEAR,6.4188,0.128,-1.32,0.2056,47035.0,0,0,0,1,NO,NO
2022-01-01 07:41,BTCUSDT,1m,NONE,—,47045.46,47122.91,47038.17,47107.77,BULL,14.059,0.28,0.3366,0.0239,47040.0,0,0,0,1,N/A,NO
2022-01-01 07:42,BTCUSDT,1m,CVD_DIV,SHORT,47107.78,47110.12,47081.12,47083.37,BEAR,14.3658,0.286,-10.5498,0.7344,47080.0,0,6,0,2,NO,NO
2022-01-01 07:43,BTCUSDT,1m,BULL_ABSORPTION,LONG,47083.38,47092.38,47065.28,47086.97,BULL,8.772,0.175,2.01,0.2291,47065.0,0,0,0,1,YES,NO
2022-01-01 07:44,BTCUSDT,1m,BULL_ABSORPTION,LONG,47086.96,47096.7,47072.94,47096.7,BULL,6.381,0.127,2.937,0.4603,47075.0,0,0,0,2,NO,NO
2022-01-01 07:45,BTCUSDT,1m,CVD_DIV,SHORT,47096.69,47099.37,47073.27,47075.01,BEAR,6.304,0.126,-3.492,0.5539,47075.0,0,5,0,2,NO,NO
2022-01-01 07:46,BTCUSDT,1m,DELTA_DIV,SHORT,47075.0,47093.36,47073.12,47088.7,BULL,3.4024,0.068,-1.1248,0.3306,47075.0,0,0,0,1,NO,NO
2022-01-01 07:47,BTCUSDT,1m,BULL_ABSORPTION,LONG,47088.7,47111.5,47076.89,47111.49,BULL,10.1906,0.203,-0.6538,0.0642,47075.0,0,0,0,1,NO,NO
2022-01-01 07:48,BTCUSDT,1m,BEAR_ABSORPTION,SHORT,47111.5,47144.89,47100.0,47108.51,BEAR,24.6222,0.491,-10.4094,0.4228,47100.0,0,0,0,2,YES,NO
2022-01-01 07:49,BTCUSDT,1m,BULL_ABSORPTION,LONG,47108.14,47108.51,47076.2,47094.65,BEAR,18.0312,0.359,-2.616,0.1451,47075.0,0,0,0,1,YES,NO
2022-01-01 07:50,BTCUSDT,1m,NONE,—,47094.65,47129.7,47092.73,47129.7,BULL,3.0016,0.06,0.3696,0.1231,47095.0,0,0,0,1,N/A,NO
2022-01-01 07:51,BTCUSDT,1m,BULL_ABSORPTION,LONG,47129.7,47129.7,47092.73,47128.0,BEAR,8.7262,0.174,-3.108,0.3562,47095.0,0,0,0,2,YES,NO
2022-01-01 07:52,BTCUSDT,1m,DELTA_DIV,SHORT,47128.0,47178.46,47122.24,47155.02,BULL,21.4808,0.428,-4.6332,0.2157,47120.0,0,0,0,2,YES,NO
2022-01-01 07:53,BTCUSDT,1m,CVD_DIV,SHORT,47155.03,47169.51,47100.0,47114.12,BEAR,13.251,0.264,-6.965,0.5256,47100.0,0,14,0,2,NO,NO
2022-01-01 07:54,BTCUSDT,1m,NONE,—,47117.08,47164.32,47105.23,47155.82,BULL,6.1212,0.122,1.2684,0.2072,47105.0,0,0,0,1,N/A,NO
2022-01-01 07:55,BTCUSDT,1m,NONE,—,47155.83,47169.09,47110.01,47114.84,BEAR,8.2716,0.165,-1.2108,0.1464,47110.0,0,0,0,1,N/A,NO
2022-01-01 07:56,BTCUSDT,1m,DELTA_DIV,SHORT,47114.85,47143.01,47110.08,47142.98,BULL,2.73,0.054,-0.9632,0.3528,47110.0,0,0,0,1,NO,NO
2022-01-01 07:57,BTCUSDT,1m,BEAR_ABSORPTION,SHORT,47142.98,47188.27,47142.97,47162.41,BULL,11.4336,0.228,-0.8622,0.0754,47145.0,0,0,0,1,NO,NO
2022-01-01 07:58,BTCUSDT,1m,BULL_ABSORPTION,LONG,47162.41,47237.26,47114.87,47229.7,BULL,54.132,1.079,19.2312,0.3553,47115.0,0,0,0,2,NO,NO
2022-01-01 07:59,BTCUSDT,1m,BEAR_ABSORPTION,SHORT,47229.7,47255.85,47193.08,47194.73,BEAR,26.6344,0.531,-4.9608,0.1863,47195.0,0,0,0,2,YES,NO
2022-01-01 08:00,BTCUSDT,1m,BEAR_ABSORPTION,SHORT,47194.73,47228.86,47174.27,47174.28,BEAR,7.9563,0.159,0.4653,0.0585,47175.0,0,0,0,1,YES,NO
2022-01-01 08:01,BTCUSDT,1m,NONE,—,47174.28,47174.28,47117.76,47125.88,BEAR,12.6401,0.252,1.7743,0.1404,47120.0,0,0,0,1,N/A,NO
2022-01-01 08:02,BTCUSDT,1m,BULL_ABSORPTION,LONG,47125.88,47155.13,47113.6,47131.31,BULL,24.272,0.484,-7.9712,0.3284,47115.0,0,0,0,2,NO,NO
2022-01-01 08:03,BTCUSDT,1m,BULL_ABSORPTION,LONG,47131.31,47154.27,47118.67,47131.0,BEAR,3.8192,0.076,-0.8862,0.232,47120.0,0,0,0,2,YES,NO
2022-01-01 08:04,BTCUSDT,1m,NONE,—,47131.01,47163.19,47125.08,47153.78,BULL,12.9976,0.259,5.132,0.3948,47125.0,0,0,0,1,N/A,NO
2022-01-01 08:05,BTCUSDT,1m,BEAR_ABSORPTION,SHORT,47153.78,47176.51,47143.45,47146.93,BEAR,8.106,0.162,4.97,0.6131,47145.0,7,0,0,3,YES,NO
2022-01-01 08:06,BTCUSDT,1m,BEAR_ABSORPTION,SHORT,47146.92,47165.07,47122.69,47123.61,BEAR,4.9568,0.099,0.4544,0.0917,47125.0,0,0,0,2,YES,NO
2022-01-01 08:07,BTCUSDT,1m,NONE,—,47122.7,47123.61,47075.11,47083.74,BEAR,6.727,0.134,-1.023,0.1521,47075.0,0,0,0,1,N/A,NO
2022-01-01 08:08,BTCUSDT,1m,BEAR_ABSORPTION,SHORT,47083.74,47109.82,47083.74,47092.02,BULL,2.9815,0.059,-0.4605,0.1545,47085.0,0,0,0,1,NO,NO
2022-01-01 08:09,BTCUSDT,1m,BEAR_ABSORPTION,SHORT,47092.03,47109.8,47087.58,47092.04,BULL,11.3732,0.227,-8.4652,0.7443,47090.0,0,4,0,3,NO,NO
2022-01-01 08:10,BTCUSDT,1m,BULL_ABSORPTION,LONG,47092.03,47107.42,47085.31,47098.98,BULL,7.4468,0.148,-1.9308,0.2593,47085.0,0,0,0,2,YES,NO
2022-01-01 08:11,BTCUSDT,1m,BEAR_ABSORPTION,SHORT,47098.99,47127.31,47098.98,47108.18,BULL,4.728,0.094,0.5664,0.1198,47100.0,0,0,0,2,NO,NO
2022-01-01 08:12,BTCUSDT,1m,BEAR_ABSORPTION,SHORT,47108.17,47137.63,47108.17,47122.47,BULL,2.934,0.058,-1.1328,0.3861,47110.0,0,0,0,2,YES,NO
2022-01-01 08:13,BTCUSDT,1m,NONE,—,47122.47,47122.47,47088.0,47090.54,BEAR,3.8493,0.077,-0.6671,0.1733,47090.0,0,0,0,1,N/A,NO
2022-01-01 08:14,BTCUSDT,1m,CVD_DIV,LONG,47090.55,47160.22,47090.54,47151.37,BULL,17.1234,0.341,8.8326,0.5158,47090.0,14,0,0,2,YES,NO
2022-01-01 08:15,BTCUSDT,1m,NONE,—,47151.37,47255.51,47145.05,47223.97,BULL,38.9246,0.776,12.617,0.3241,47145.0,0,0,0,1,N/A,NO
2022-01-01 08:16,BTCUSDT,1m,EXHAUSTION_BULL,SHORT,47223.98,47260.0,47214.41,47260.0,BULL,15.4881,0.309,1.9791,0.1278,47215.0,0,0,0,1,NO,NO
2022-01-01 08:17,BTCUSDT,1m,NONE,—,47260.0,47319.13,47259.99,47307.65,BULL,33.6048,0.67,7.116,0.2118,47260.0,0,0,0,1,N/A,NO
2022-01-01 08:18,BTCUSDT,1m,NONE,—,47307.65,47307.65,47272.68,47276.24,BEAR,8.7815,0.175,-1.9285,0.2196,47275.0,0,0,0,1,N/A,NO
2022-01-01 08:19,BTCUSDT,1m,BULL_ABSORPTION,LONG,47276.25,47288.48,47258.99,47288.47,BULL,5.8938,0.118,2.3358,0.3963,47260.0,0,0,0,2,NO,NO
2022-01-01 08:20,BTCUSDT,1m,BULL_ABSORPTION,LONG,47288.48,47291.96,47242.42,47257.0,BEAR,4.304,0.086,-1.292,0.3002,47240.0,0,0,0,2,NO,NO
2022-01-01 08:21,BTCUSDT,1m,BULL_ABSORPTION,LONG,47257.0,47259.0,47228.13,47250.12,BEAR,3.765,0.075,0.2502,0.0665,47230.0,0,0,0,1,NO,NO
2022-01-01 08:22,BTCUSDT,1m,NONE,—,47250.12,47271.79,47225.75,47225.75,BEAR,15.9255,0.318,-0.3069,0.0193,47225.0,0,0,0,1,N/A,NO
2022-01-01 08:23,BTCUSDT,1m,BEAR_ABSORPTION,SHORT,47225.75,47255.27,47223.69,47231.23,BULL,6.6978,0.134,0.0642,0.0096,47225.0,0,0,0,2,NO,NO
2022-01-01 08:24,BTCUSDT,1m,BULL_ABSORPTION,LONG,47231.23,47249.94,47224.4,47241.09,BULL,3.715,0.074,-0.574,0.1545,47225.0,0,0,0,1,YES,NO
2022-01-01 08:25,BTCUSDT,1m,BEAR_ABSORPTION,SHORT,47241.09,47288.93,47241.09,47265.14,BULL,9.254,0.185,1.732,0.1872,47240.0,0,0,0,1,NO,NO
2022-01-01 08:26,BTCUSDT,1m,EXHAUSTION_BULL,SHORT,47265.14,47300.0,47265.14,47285.46,BULL,6.2118,0.124,-0.4998,0.0805,47265.0,0,0,0,1,YES,NO
2022-01-01 08:27,BTCUSDT,1m,DELTA_DIV,LONG,47281.15,47287.77,47257.08,47261.64,BEAR,3.726,0.074,1.0128,0.2718,47255.0,0,0,0,1,YES,NO
2022-01-01 08:28,BTCUSDT,1m,DELTA_DIV,SHORT,47261.63,47291.51,47261.37,47288.06,BULL,4.644,0.093,-1.9824,0.4269,47260.0,0,0,0,1,NO,NO
2022-01-01 08:29,BTCUSDT,1m,BEAR_ABSORPTION,SHORT,47288.06,47344.69,47285.0,47305.23,BULL,23.0484,0.46,1.626,0.0705,47285.0,0,0,0,1,YES,NO
2022-01-01 08:30,BTCUSDT,1m,EXHAUSTION_BEAR,LONG,47305.23,47313.91,47245.0,47245.01,BEAR,12.831,0.256,-2.947,0.2297,47245.0,0,0,0,2,YES,NO
2022-01-01 08:31,BTCUSDT,1m,BEAR_ABSORPTION,SHORT,47245.01,47276.11,47238.04,47258.07,BULL,14.3568,0.286,3.104,0.2162,47240.0,0,0,0,2,YES,NO
2022-01-01 08:32,BTCUSDT,1m,BULL_ABSORPTION,LONG,47258.08,47258.08,47242.82,47253.94,BEAR,3.3501,0.067,0.8583,0.2562,47245.0,0,0,0,2,NO,NO
2022-01-01 08:33,BTCUSDT,1m,NONE,—,47253.94,47253.98,47209.96,47213.72,BEAR,3.4929,0.07,-0.2457,0.0703,47210.0,0,0,0,1,N/A,NO
2022-01-01 08:34,BTCUSDT,1m,BEAR_ABSORPTION,SHORT,47213.72,47227.66,47203.39,47207.13,BEAR,3.863,0.077,-1.455,0.3767,47205.0,0,0,0,1,NO,NO
2022-01-01 08:35,BTCUSDT,1m,NONE,—,47207.14,47230.49,47207.13,47222.44,BULL,2.7525,0.055,0.3695,0.1342,47205.0,0,0,0,1,N/A,NO
2022-01-01 08:36,BTCUSDT,1m,BEAR_ABSORPTION,SHORT,47222.44,47239.93,47216.31,47216.31,BEAR,3.8845,0.077,1.1585,0.2982,47215.0,0,0,0,2,YES,NO
2022-01-01 08:37,BTCUSDT,1m,NONE,—,47216.31,47216.32,47209.4,47209.41,BEAR,3.1624,0.063,-0.8746,0.2766,47210.0,0,0,0,1,N/A,NO
2022-01-01 08:38,BTCUSDT,1m,BEAR_ABSORPTION,SHORT,47209.41,47230.75,47185.01,47195.6,BEAR,15.4602,0.308,-2.2662,0.1466,47185.0,0,0,0,1,YES,NO
2022-01-01 08:39,BTCUSDT,1m,EXHAUSTION_BEAR,LONG,47195.59,47195.6,47166.97,47166.97,BEAR,4.5486,0.091,-1.833,0.403,47165.0,0,0,0,1,YES,NO
2022-01-01 08:40,BTCUSDT,1m,CVD_DIV,LONG,47167.09,47194.3,47166.97,47191.93,BULL,4.957,0.099,1.945,0.3924,47165.0,0,0,0,1,YES,NO
2022-01-01 08:41,BTCUSDT,1m,NONE,—,47191.92,47210.0,47191.92,47205.69,BULL,16.4324,0.328,8.19,0.4984,47190.0,0,0,0,1,N/A,NO
2022-01-01 08:42,BTCUSDT,1m,EXHAUSTION_BULL,SHORT,47205.69,47227.89,47205.69,47221.63,BULL,9.598,0.191,3.1532,0.3285,47205.0,0,0,0,1,YES,NO
2022-01-01 08:43,BTCUSDT,1m,BEAR_ABSORPTION,SHORT,47221.63,47236.56,47214.59,47220.0,BEAR,6.518,0.13,0.9828,0.1508,47215.0,0,0,0,2,YES,NO
2022-01-01 08:44,BTCUSDT,1m,BULL_ABSORPTION,LONG,47219.99,47220.0,47200.43,47210.18,BEAR,4.2964,0.086,-1.898,0.4418,47200.0,0,0,0,2,YES,NO
2022-01-01 08:45,BTCUSDT,1m,CVD_DIV,LONG,47210.18,47240.0,47210.18,47240.0,BULL,9.9732,0.199,2.8332,0.2841,47210.0,0,0,0,1,NO,NO
2022-01-01 08:46,BTCUSDT,1m,BULL_ABSORPTION,LONG,47240.0,47260.0,47209.86,47229.78,BEAR,10.292,0.205,0.384,0.0373,47210.0,0,0,0,1,NO,NO
2022-01-01 08:47,BTCUSDT,1m,BEAR_ABSORPTION,SHORT,47229.78,47253.98,47210.57,47210.58,BEAR,8.4087,0.168,0.3483,0.0414,47210.0,0,0,0,1,YES,NO
2022-01-01 08:48,BTCUSDT,1m,NONE,—,47210.58,47210.58,47189.99,47190.17,BEAR,6.1256,0.122,-2.332,0.3807,47190.0,0,0,0,1,N/A,NO
2022-01-01 08:49,BTCUSDT,1m,BULL_ABSORPTION,LONG,47190.16,47190.17,47165.97,47185.84,BEAR,5.444,0.109,0.456,0.0838,47165.0,0,0,0,1,YES,NO
2022-01-01 08:50,BTCUSDT,1m,BEAR_ABSORPTION,SHORT,47185.83,47215.85,47183.89,47194.52,BULL,4.0056,0.08,0.3216,0.0803,47185.0,0,0,0,1,YES,NO
2022-01-01 08:51,BTCUSDT,1m,CVD_DIV,SHORT,47194.52,47195.12,47138.88,47138.89,BEAR,5.9521,0.119,-1.9855,0.3336,47140.0,0,0,0,1,YES,NO
2022-01-01 08:52,BTCUSDT,1m,BULL_ABSORPTION,LONG,47138.89,47138.89,47094.86,47122.47,BEAR,11.8152,0.236,-4.7016,0.3979,47095.0,0,0,0,1,NO,NO
2022-01-01 08:53,BTCUSDT,1m,NONE,—,47122.47,47122.48,47085.66,47085.66,BEAR,8.7255,0.174,-4.4905,0.5146,47085.0,0,7,0,2,N/A,NO
2022-01-01 08:54,BTCUSDT,1m,NONE,—,47085.66,47130.0,47081.74,47124.6,BULL,8.733,0.174,3.271,0.3746,47080.0,0,0,0,1,N/A,NO
2022-01-01 08:55,BTCUSDT,1m,BULL_ABSORPTION,LONG,47124.61,47137.38,47115.17,47120.03,BEAR,10.1172,0.202,-0.9204,0.091,47115.0,0,0,0,2,NO,NO
2022-01-01 08:56,BTCUSDT,1m,BULL_ABSORPTION,LONG,47120.02,47127.17,47100.12,47105.42,BEAR,4.6185,0.092,-1.4295,0.3095,47100.0,0,0,0,1,NO,NO
2022-01-01 08:57,BTCUSDT,1m,BEAR_ABSORPTION,SHORT,47105.42,47121.1,47097.92,47103.96,BEAR,5.6145,0.112,-0.4225,0.0753,47100.0,0,0,0,1,NO,NO
2022-01-01 08:58,BTCUSDT,1m,NONE,—,47107.28,47126.34,47103.24,47123.8,BULL,3.367,0.067,0.164,0.0487,47105.0,0,0,0,1,N/A,NO
2022-01-01 08:59,BTCUSDT,1m,BULL_ABSORPTION,LONG,47123.8,47124.82,47115.04,47124.82,BULL,3.8528,0.077,0.194,0.0504,47115.0,0,0,0,1,YES,NO
2022-01-01 09:00,BTCUSDT,1m,NONE,—,47124.82,47160.0,47123.79,47149.6,BULL,20.2363,0.403,7.3031,0.3609,47125.0,0,0,0,1,N/A,NO
2022-01-01 09:01,BTCUSDT,1m,CVD_DIV,LONG,47149.6,47158.95,47062.77,47069.92,BEAR,14.6661,0.292,-3.4523,0.2354,47065.0,0,0,0,1,YES,NO
2022-01-01 09:02,BTCUSDT,1m,NONE,—,47069.92,47114.51,47069.92,47103.96,BULL,7.2324,0.144,0.171,0.0236,47070.0,0,0,0,1,N/A,NO
2022-01-01 09:03,BTCUSDT,1m,BEAR_ABSORPTION,SHORT,47103.96,47125.15,47103.04,47114.86,BULL,4.2844,0.085,-1.03,0.2404,47105.0,0,0,0,2,NO,NO
2022-01-01 09:04,BTCUSDT,1m,BULL_ABSORPTION,LONG,47114.86,47117.01,47110.38,47116.97,BULL,6.0942,0.122,-1.7756,0.2914,47110.0,0,0,0,2,YES,NO
2022-01-01 09:05,BTCUSDT,1m,BEAR_ABSORPTION,SHORT,47116.97,47172.72,47113.42,47149.6,BULL,6.5496,0.131,1.1736,0.1792,47115.0,0,0,0,2,NO,NO
2022-01-01 09:06,BTCUSDT,1m,BEAR_ABSORPTION,SHORT,47149.6,47200.0,47149.6,47174.75,BULL,7.01,0.14,-2.262,0.3227,47150.0,0,0,0,2,NO,NO
2022-01-01 09:07,BTCUSDT,1m,DELTA_DIV,SHORT,47174.75,47188.99,47174.74,47186.24,BULL,7.6743,0.153,-4.1157,0.5363,47175.0,0,3,0,2,NO,NO
2022-01-01 09:08,BTCUSDT,1m,BULL_ABSORPTION,LONG,47186.25,47188.98,47170.0,47188.8,BULL,4.6592,0.093,-0.4632,0.0994,47170.0,0,0,0,1,NO,NO
2022-01-01 09:09,BTCUSDT,1m,BULL_ABSORPTION,LONG,47188.81,47188.98,47155.86,47179.37,BEAR,10.5126,0.21,-2.5494,0.2425,47155.0,0,0,0,1,NO,NO
2022-01-01 09:10,BTCUSDT,1m,BULL_ABSORPTION,LONG,47179.74,47179.74,47155.28,47172.4,BEAR,6.6395,0.132,-2.9675,0.4469,47155.0,0,0,0,2,NO,NO
2022-01-01 09:11,BTCUSDT,1m,BULL_ABSORPTION,LONG,47172.4,47172.5,47155.28,47168.58,BEAR,4.1067,0.082,-0.5781,0.1408,47155.0,0,0,0,1,NO,NO
2022-01-01 09:12,BTCUSDT,1m,NONE,—,47166.72,47171.0,47155.28,47155.29,BEAR,5.1324,0.102,0.3288,0.0641,47155.0,0,0,0,1,N/A,NO
2022-01-01 09:13,BTCUSDT,1m,BEAR_ABSORPTION,SHORT,47155.3,47188.94,47150.0,47169.37,BULL,7.6104,0.152,-1.6568,0.2177,47150.0,0,0,0,2,NO,NO
2022-01-01 09:14,BTCUSDT,1m,NONE,—,47169.36,47215.56,47169.36,47205.77,BULL,14.7168,0.293,10.1322,0.6885,47170.0,9,0,0,2,N/A,NO
2022-01-01 09:15,BTCUSDT,1m,NONE,—,47205.77,47205.78,47177.62,47189.35,BEAR,6.8058,0.136,-3.1638,0.4649,47180.0,0,0,0,1,N/A,NO
2022-01-01 09:16,BTCUSDT,1m,BULL_ABSORPTION,LONG,47189.35,47192.48,47183.67,47187.71,BEAR,4.486,0.089,-1.064,0.2372,47185.0,0,0,0,2,NO,NO
2022-01-01 09:17,BTCUSDT,1m,NONE,—,47187.71,47187.71,47150.01,47153.56,BEAR,4.3632,0.087,-0.2736,0.0627,47150.0,0,0,0,1,N/A,NO
2022-01-01 09:18,BTCUSDT,1m,CVD_DIV,LONG,47153.56,47159.47,47137.34,47139.79,BEAR,3.5752,0.071,0.6504,0.1819,47135.0,0,0,0,1,NO,NO
2022-01-01 09:19,BTCUSDT,1m,BULL_ABSORPTION,LONG,47139.78,47148.51,47122.2,47137.96,BEAR,3.2,0.064,-0.779,0.2434,47120.0,0,0,0,1,YES,NO
2022-01-01 09:20,BTCUSDT,1m,DELTA_DIV,SHORT,47137.97,47168.93,47128.36,47168.93,BULL,3.6168,0.072,-0.9544,0.2639,47130.0,0,0,0,2,YES,NO
2022-01-01 09:21,BTCUSDT,1m,CVD_DIV,SHORT,47168.92,47169.36,47130.0,47137.46,BEAR,3.8448,0.077,-0.9664,0.2514,47130.0,0,0,0,1,YES,NO
2022-01-01 09:22,BTCUSDT,1m,BULL_ABSORPTION,LONG,47137.47,47140.3,47123.02,47131.88,BEAR,6.2853,0.125,0.6279,0.0999,47125.0,0,0,0,1,YES,NO
2022-01-01 09:23,BTCUSDT,1m,BULL_ABSORPTION,LONG,47131.88,47138.29,47124.36,47138.29,BULL,2.5767,0.051,0.5367,0.2083,47125.0,0,0,0,2,NO,NO
2022-01-01 09:24,BTCUSDT,1m,NONE,—,47138.29,47138.29,47111.65,47111.75,BEAR,4.7285,0.094,-1.0465,0.2213,47110.0,0,0,0,1,N/A,NO
2022-01-01 09:25,BTCUSDT,1m,BULL_ABSORPTION,LONG,47111.75,47120.26,47091.78,47103.59,BEAR,12.8292,0.256,2.4144,0.1882,47090.0,0,0,0,2,NO,NO
2022-01-01 09:26,BTCUSDT,1m,EXHAUSTION_BEAR,LONG,47098.92,47109.99,47082.06,47082.12,BEAR,6.2988,0.126,-1.0548,0.1675,47080.0,0,0,0,2,YES,NO
2022-01-01 09:27,BTCUSDT,1m,CVD_DIV,LONG,47082.12,47141.48,47082.12,47138.74,BULL,8.6508,0.172,1.7796,0.2057,47080.0,0,0,0,1,NO,NO
2022-01-01 09:28,BTCUSDT,1m,NONE,—,47138.74,47141.12,47125.56,47129.45,BEAR,4.3626,0.087,-0.7494,0.1718,47125.0,0,0,0,1,N/A,NO
2022-01-01 09:29,BTCUSDT,1m,NONE,—,47129.44,47142.22,47091.62,47094.74,BEAR,10.145,0.202,0.267,0.0263,47090.0,0,0,0,1,N/A,NO
2022-01-01 09:30,BTCUSDT,1m,NONE,—,47094.74,47119.4,47094.34,47111.23,BULL,4.552,0.091,-0.369,0.0811,47095.0,0,0,0,1,N/A,NO
2022-01-01 09:31,BTCUSDT,1m,BULL_ABSORPTION,LONG,47111.23,47120.0,47105.15,47115.99,BULL,4.9071,0.098,-2.1123,0.4305,47105.0,0,0,0,2,YES,NO
2022-01-01 09:32,BTCUSDT,1m,NONE,—,47117.74,47126.85,47115.99,47124.1,BULL,7.7174,0.154,0.5146,0.0667,47115.0,0,0,0,1,N/A,NO
2022-01-01 09:33,BTCUSDT,1m,CVD_DIV,SHORT,47124.1,47126.55,47076.31,47087.99,BEAR,12.483,0.249,-2.075,0.1662,47075.0,0,0,0,1,YES,NO
2022-01-01 09:34,BTCUSDT,1m,NONE,—,47087.99,47101.48,47064.01,47071.59,BEAR,17.108,0.341,-9.8308,0.5746,47065.0,0,7,0,2,N/A,NO
2022-01-01 09:35,BTCUSDT,1m,NONE,—,47071.59,47074.09,46987.75,47010.7,BEAR,39.9092,0.796,-26.2378,0.6574,46990.0,0,17,0,2,N/A,NO
2022-01-01 09:36,BTCUSDT,1m,BULL_ABSORPTION,LONG,47010.7,47029.62,47004.92,47013.0,BULL,15.542,0.31,7.152,0.4602,47005.0,0,0,0,2,NO,NO
2022-01-01 09:37,BTCUSDT,1m,BULL_ABSORPTION,LONG,47013.01,47020.0,46981.75,47010.55,BEAR,13.2728,0.265,-2.0488,0.1544,46980.0,0,0,0,2,YES,NO
2022-01-01 09:38,BTCUSDT,1m,BULL_ABSORPTION,LONG,47010.55,47025.0,46990.77,47011.09,BULL,27.4463,0.547,18.5171,0.6747,46990.0,7,0,0,3,NO,NO
2022-01-01 09:39,BTCUSDT,1m,NONE,—,47011.09,47020.5,46988.37,46995.14,BEAR,4.176,0.083,-2.3244,0.5566,46990.0,0,6,0,2,N/A,NO
2022-01-01 09:40,BTCUSDT,1m,BULL_ABSORPTION,LONG,46995.15,47011.26,46986.44,47007.06,BULL,7.7195,0.154,2.7205,0.3524,46985.0,0,0,0,2,NO,NO
2022-01-01 09:41,BTCUSDT,1m,CVD_DIV,LONG,47003.3,47010.09,46974.13,46974.69,BEAR,7.4592,0.149,-2.513,0.3369,46975.0,0,0,0,1,NO,NO
2022-01-01 09:42,BTCUSDT,1m,BULL_ABSORPTION,LONG,46974.69,46974.69,46933.58,46953.0,BEAR,34.2048,0.682,-7.5264,0.22,46935.0,0,0,0,1,NO,NO
2022-01-01 09:43,BTCUSDT,1m,NONE,—,46952.99,46953.0,46939.94,46941.58,BEAR,9.2325,0.184,-5.0883,0.5511,46940.0,0,3,0,1,N/A,NO
2022-01-01 09:44,BTCUSDT,1m,NONE,—,46941.58,46997.88,46939.94,46988.47,BULL,15.4236,0.308,9.5292,0.6178,46940.0,12,0,0,2,N/A,NO
2022-01-01 09:45,BTCUSDT,1m,BULL_ABSORPTION,LONG,46988.46,46988.47,46953.45,46966.83,BEAR,11.8461,0.236,-7.3409,0.6197,46955.0,0,7,0,2,YES,NO
2022-01-01 09:46,BTCUSDT,1m,BULL_ABSORPTION,LONG,46966.82,46997.6,46947.43,46997.6,BULL,12.541,0.25,-6.541,0.5216,46945.0,0,10,0,3,YES,NO
2022-01-01 09:47,BTCUSDT,1m,EXHAUSTION_BULL,SHORT,46997.6,47019.99,46991.49,47009.33,BULL,6.2802,0.125,0.351,0.0559,46990.0,0,0,0,1,NO,NO
2022-01-01 09:48,BTCUSDT,1m,BULL_INITIATION,LONG,47009.34,47067.52,47009.33,47051.91,BULL,14.1684,0.282,9.1836,0.6482,47010.0,12,0,0,2,YES,NO
2022-01-01 09:49,BTCUSDT,1m,NONE,—,47051.92,47076.27,47049.8,47068.5,BULL,13.9725,0.279,2.3945,0.1714,47050.0,0,0,0,1,N/A,NO
2022-01-01 09:50,BTCUSDT,1m,BULL_ABSORPTION,LONG,47068.52,47085.67,47041.01,47081.47,BULL,4.1265,0.082,-0.4725,0.1145,47040.0,0,0,0,2,NO,NO
2022-01-01 09:51,BTCUSDT,1m,CVD_DIV,SHORT,47081.48,47086.16,47032.57,47037.31,BEAR,6.1424,0.122,-2.772,0.4513,47035.0,0,0,0,1,NO,NO
2022-01-01 09:52,BTCUSDT,1m,NONE,—,47037.3,47059.22,47034.04,47059.12,BULL,4.925,0.098,-0.783,0.159,47035.0,0,0,0,1,N/A,NO
2022-01-01 09:53,BTCUSDT,1m,BEAR_ABSORPTION,SHORT,47059.11,47069.82,47048.14,47052.93,BEAR,3.7236,0.074,-0.3324,0.0893,47050.0,0,0,0,1,YES,NO
2022-01-01 09:54,BTCUSDT,1m,BEAR_ABSORPTION,SHORT,47052.93,47069.32,47046.64,47046.64,BEAR,4.1255,0.082,0.2875,0.0697,47045.0,0,0,0,1,NO,NO
2022-01-01 09:55,BTCUSDT,1m,BULL_ABSORPTION,LONG,47049.44,47055.25,47043.9,47049.68,BULL,4.0372,0.08,0.5532,0.137,47045.0,0,0,0,2,YES,NO
2022-01-01 09:56,BTCUSDT,1m,NONE,—,47048.64,47076.22,47048.47,47076.21,BULL,3.9168,0.078,-0.5184,0.1324,47050.0,0,0,0,1,N/A,NO
2022-01-01 09:57,BTCUSDT,1m,BULL_ABSORPTION,LONG,47076.21,47079.89,47065.51,47074.63,BEAR,5.8068,0.116,-1.5132,0.2606,47065.0,0,0,0,2,YES,NO
2022-01-01 09:58,BTCUSDT,1m,BEAR_ABSORPTION,SHORT,47074.63,47078.96,47074.59,47074.64,BULL,2.4137,0.048,-0.4111,0.1703,47075.0,0,0,0,2,NO,NO
2022-01-01 09:59,BTCUSDT,1m,NONE,—,47078.96,47143.99,47075.78,47143.98,BULL,9.2526,0.184,3.0898,0.3339,47075.0,0,0,0,1,N/A,NO
2022-01-01 10:00,BTCUSDT,1m,NONE,—,47143.98,47222.22,47135.53,47215.05,BULL,14.6676,0.292,1.1492,0.0783,47135.0,0,0,0,1,N/A,NO
2022-01-01 10:01,BTCUSDT,1m,BULL_ABSORPTION,LONG,47215.05,47260.0,47175.25,47232.95,BULL,26.6934,0.532,-0.8398,0.0315,47175.0,0,0,0,1,YES,NO
2022-01-01 10:02,BTCUSDT,1m,BULL_ABSORPTION,LONG,47232.95,47252.45,47213.43,47233.58,BULL,5.2448,0.105,1.384,0.2639,47215.0,0,0,0,2,YES,NO
2022-01-01 10:03,BTCUSDT,1m,NONE,—,47233.57,47298.75,47233.57,47283.64,BULL,19.6339,0.391,-1.5977,0.0814,47235.0,0,0,0,1,N/A,NO
2022-01-01 10:04,BTCUSDT,1m,NONE,—,47283.63,47287.44,47215.86,47221.55,BEAR,6.944,0.138,-0.6132,0.0883,47215.0,0,0,0,1,N/A,NO
2022-01-01 10:05,BTCUSDT,1m,EXHAUSTION_BEAR,LONG,47221.55,47221.55,47173.78,47178.0,BEAR,4.705,0.094,-0.183,0.0389,47175.0,0,0,0,1,NO,NO
2022-01-01 10:06,BTCUSDT,1m,BULL_ABSORPTION,LONG,47178.01,47184.39,47126.53,47168.64,BEAR,8.0664,0.161,0.7056,0.0875,47125.0,0,0,0,1,YES,NO
2022-01-01 10:07,BTCUSDT,1m,BULL_ABSORPTION,LONG,47168.61,47189.46,47151.22,47180.7,BULL,7.3232,0.146,2.3168,0.3164,47150.0,0,0,0,2,YES,NO
2022-01-01 10:08,BTCUSDT,1m,BULL_ABSORPTION,LONG,47180.7,47189.46,47160.0,47186.93,BULL,4.5624,0.091,0.3516,0.0771,47160.0,0,0,0,1,NO,NO
2022-01-01 10:09,BTCUSDT,1m,NONE,—,47186.93,47189.46,47166.0,47166.0,BEAR,3.838,0.077,-1.646,0.4289,47165.0,0,0,0,1,N/A,NO
2022-01-01 10:10,BTCUSDT,1m,BULL_ABSORPTION,LONG,47166.01,47180.62,47160.0,47171.26,BULL,4.6452,0.093,-1.8068,0.389,47160.0,0,0,0,2,YES,NO
2022-01-01 10:11,BTCUSDT,1m,DELTA_DIV,SHORT,47171.26,47205.0,47168.52,47197.94,BULL,3.9627,0.079,-1.9355,0.4884,47170.0,0,0,0,2,YES,NO
2022-01-01 10:12,BTCUSDT,1m,NONE,—,47197.95,47209.87,47160.0,47173.63,BEAR,7.266,0.145,-1.07,0.1473,47160.0,0,0,0,1,N/A,NO
2022-01-01 10:13,BTCUSDT,1m,NONE,—,47173.64,47173.64,47130.12,47138.51,BEAR,6.1002,0.122,-0.126,0.0207,47130.0,0,0,0,1,N/A,NO
2022-01-01 10:14,BTCUSDT,1m,NONE,—,47133.8,47146.99,47111.11,47111.12,BEAR,5.1184,0.102,-2.0384,0.3982,47110.0,0,0,0,1,N/A,NO
2022-01-01 10:15,BTCUSDT,1m,NONE,—,47111.11,47111.12,47040.0,47055.15,BEAR,13.9398,0.278,-3.1262,0.2243,47040.0,0,0,0,1,N/A,NO
2022-01-01 10:16,BTCUSDT,1m,NONE,—,47055.15,47059.28,47023.84,47024.24,BEAR,11.7999,0.235,-0.1673,0.0142,47025.0,0,0,0,1,N/A,NO
2022-01-01 10:17,BTCUSDT,1m,BEAR_ABSORPTION,SHORT,47023.84,47065.23,47023.19,47039.99,BULL,8.6472,0.172,-5.0232,0.5809,47025.0,0,8,0,3,YES,NO
2022-01-01 10:18,BTCUSDT,1m,BULL_ABSORPTION,LONG,47039.99,47050.0,47015.07,47030.32,BEAR,13.6486,0.272,1.974,0.1446,47015.0,0,0,0,1,YES,NO
2022-01-01 10:19,BTCUSDT,1m,EXHAUSTION_BULL,SHORT,47030.32,47073.47,47030.31,47055.6,BULL,5.2344,0.104,0.0828,0.0158,47030.0,0,0,0,1,YES,NO
2022-01-01 10:20,BTCUSDT,1m,DELTA_DIV,LONG,47055.6,47062.75,47027.8,47038.82,BEAR,13.5142,0.269,9.8028,0.7254,47030.0,7,0,0,2,NO,NO
2022-01-01 10:21,BTCUSDT,1m,BULL_ABSORPTION,LONG,47038.82,47041.78,47002.4,47031.06,BEAR,16.7688,0.334,12.7832,0.7623,47000.0,8,0,0,3,NO,NO
2022-01-01 10:22,BTCUSDT,1m,CVD_DIV,LONG,47030.83,47031.06,46976.54,46987.56,BEAR,17.3855,0.347,-6.7705,0.3894,46975.0,0,0,0,1,YES,NO
2022-01-01 10:23,BTCUSDT,1m,DELTA_DIV,SHORT,46987.55,47020.95,46977.02,47019.99,BULL,11.4894,0.229,-2.4552,0.2137,46975.0,0,0,0,1,NO,NO
2022-01-01 10:24,BTCUSDT,1m,EXHAUSTION_BULL,SHORT,47020.95,47053.19,47016.08,47040.06,BULL,4.1587,0.083,-2.2309,0.5364,47015.0,0,7,0,3,YES,NO
2022-01-01 10:25,BTCUSDT,1m,BULL_ABSORPTION,LONG,47040.06,47046.54,47011.83,47030.81,BEAR,7.4515,0.149,-0.9247,0.1241,47010.0,0,0,0,1,YES,NO
2022-01-01 10:26,BTCUSDT,1m,BULL_ABSORPTION,LONG,47030.81,47034.72,47017.46,47034.35,BULL,2.6487,0.053,-1.7073,0.6446,47015.0,0,3,0,2,NO,NO
2022-01-01 10:27,BTCUSDT,1m,BULL_ABSORPTION,LONG,47028.02,47034.71,47000.71,47020.62,BEAR,7.9345,0.158,-2.8665,0.3613,47000.0,0,0,0,1,NO,NO
2022-01-01 10:28,BTCUSDT,1m,NONE,—,47020.62,47030.84,46812.99,46851.15,BEAR,104.94,2.092,-44.2288,0.4215,46815.0,0,0,0,2,N/A,NO
2022-01-01 10:29,BTCUSDT,1m,BEAR_ABSORPTION,SHORT,46847.59,46924.64,46825.98,46874.25,BULL,45.57,0.909,5.434,0.1192,46825.0,0,0,0,1,YES,NO
2022-01-01 10:30,BTCUSDT,1m,EXHAUSTION_BEAR,LONG,46874.26,46874.26,46811.3,46824.73,BEAR,19.0359,0.38,3.8129,0.2003,46810.0,0,0,0,2,NO,NO
2022-01-01 10:31,BTCUSDT,1m,NONE,—,46824.73,46849.99,46758.0,46766.45,BEAR,43.2342,0.862,-15.8742,0.3672,46760.0,0,0,0,1,N/A,NO
2022-01-01 10:32,BTCUSDT,1m,BULL_ABSORPTION,LONG,46770.83,46799.0,46743.95,46780.44,BULL,40.5977,0.809,3.0657,0.0755,46745.0,0,0,0,1,YES,NO
2022-01-01 10:33,BTCUSDT,1m,DELTA_DIV,SHORT,46780.43,46807.75,46772.6,46799.13,BULL,17.7793,0.354,-9.8707,0.5552,46775.0,0,7,0,2,YES,NO
2022-01-01 10:34,BTCUSDT,1m,BULL_ABSORPTION,LONG,46799.14,46799.14,46720.22,46752.45,BEAR,27.0864,0.54,0.5744,0.0212,46720.0,0,0,0,1,YES,NO
2022-01-01 10:35,BTCUSDT,1m,BULL_ABSORPTION,LONG,46752.45,46769.75,46715.39,46765.34,BULL,41.8297,0.834,0.6017,0.0144,46715.0,0,0,0,1,YES,NO
2022-01-01 10:36,BTCUSDT,1m,EXHAUSTION_BULL,SHORT,46769.6,46837.43,46765.34,46819.62,BULL,22.8284,0.455,7.2408,0.3172,46765.0,0,0,0,1,NO,NO
2022-01-01 10:37,BTCUSDT,1m,BEAR_ABSORPTION,SHORT,46819.61,46847.64,46804.09,46821.44,BULL,20.0646,0.4,-1.2618,0.0629,46805.0,0,0,0,1,NO,NO
2022-01-01 10:38,BTCUSDT,1m,BULL_ABSORPTION,LONG,46824.53,46847.64,46810.78,46846.86,BULL,24.3292,0.485,1.6198,0.0666,46810.0,0,0,0,1,NO,NO
2022-01-01 10:39,BTCUSDT,1m,BULL_ABSORPTION,LONG,46843.21,46846.98,46817.08,46829.45,BEAR,8.4198,0.168,-1.5366,0.1825,46815.0,0,0,0,1,YES,NO
2022-01-01 10:40,BTCUSDT,1m,BULL_INITIATION,LONG,46829.45,46885.16,46829.45,46878.42,BULL,44.7304,0.892,32.7162,0.7314,46830.0,11,0,0,2,NO,NO
2022-01-01 10:41,BTCUSDT,1m,NONE,—,46878.43,46885.15,46821.79,46837.84,BEAR,14.8993,0.297,-6.6313,0.4451,46820.0,0,0,0,1,N/A,NO
2022-01-01 10:42,BTCUSDT,1m,BEAR_ABSORPTION,SHORT,46837.84,46880.43,46834.46,46840.0,BULL,11.1645,0.223,-2.7855,0.2495,46835.0,0,0,0,2,NO,NO
2022-01-01 10:43,BTCUSDT,1m,NONE,—,46840.13,46969.69,46837.12,46966.68,BULL,18.441,0.368,10.233,0.5549,46835.0,27,0,0,2,N/A,NO
2022-01-01 10:44,BTCUSDT,1m,BEAR_ABSORPTION,SHORT,46966.68,47017.95,46966.68,46979.5,BULL,12.053,0.24,3.593,0.2981,46965.0,0,0,0,2,NO,NO
2022-01-01 10:45,BTCUSDT,1m,BEAR_ABSORPTION,SHORT,46979.5,47081.02,46975.41,47014.77,BULL,15.4056,0.307,0.5418,0.0352,46975.0,0,0,0,1,YES,NO
2022-01-01 10:46,BTCUSDT,1m,BEAR_ABSORPTION,SHORT,47014.78,47039.37,46988.45,47000.0,BEAR,11.841,0.236,3.031,0.256,46990.0,0,0,0,2,YES,NO
2022-01-01 10:47,BTCUSDT,1m,CVD_DIV,LONG,46999.99,47000.0,46918.43,46919.95,BEAR,12.2832,0.245,-1.9216,0.1564,46920.0,0,0,0,1,YES,NO
2022-01-01 10:48,BTCUSDT,1m,NONE,—,46919.94,46951.85,46918.44,46951.84,BULL,4.5178,0.09,0.9548,0.2113,46920.0,0,0,0,1,N/A,NO
2022-01-01 10:49,BTCUSDT,1m,BULL_ABSORPTION,LONG,46951.85,46954.89,46914.61,46937.99,BEAR,10.408,0.208,-2.9904,0.2873,46915.0,0,0,0,1,YES,NO
2022-01-01 10:50,BTCUSDT,1m,BULL_ABSORPTION,LONG,46937.98,46982.15,46916.02,46970.76,BULL,7.3554,0.147,2.2178,0.3015,46915.0,0,0,0,2,YES,NO
2022-01-01 10:51,BTCUSDT,1m,NONE,—,46970.77,47020.34,46970.61,47018.63,BULL,10.284,0.205,-1.3,0.1264,46970.0,0,0,0,1,N/A,NO
2022-01-01 10:52,BTCUSDT,1m,EXHAUSTION_BULL,SHORT,47018.64,47026.42,46996.3,46999.24,BEAR,7.1952,0.143,-3.1056,0.4316,46995.0,0,0,0,2,YES,NO
2022-01-01 10:53,BTCUSDT,1m,NONE,—,47002.46,47002.66,46975.64,46975.65,BEAR,3.4225,0.068,0.0605,0.0177,46975.0,0,0,0,1,N/A,NO
2022-01-01 10:54,BTCUSDT,1m,BULL_ABSORPTION,LONG,46975.65,46975.65,46935.6,46960.42,BEAR,16.9688,0.338,9.884,0.5825,46935.0,8,0,0,3,NO,NO
2022-01-01 10:55,BTCUSDT,1m,CVD_DIV,LONG,46960.42,46966.0,46941.1,46941.1,BEAR,3.7495,0.075,-2.3285,0.621,46940.0,0,5,0,2,YES,NO
2022-01-01 10:56,BTCUSDT,1m,DELTA_DIV,SHORT,46941.11,46946.13,46941.1,46944.45,BULL,4.5674,0.091,-2.867,0.6277,46940.0,0,1,0,1,YES,NO
2022-01-01 10:57,BTCUSDT,1m,NONE,—,46944.46,46944.46,46904.51,46910.21,BEAR,5.2648,0.105,-0.9224,0.1752,46905.0,0,0,0,1,N/A,NO
2022-01-01 10:58,BTCUSDT,1m,NONE,—,46910.21,46910.21,46880.0,46880.0,BEAR,21.3438,0.426,-3.1278,0.1465,46880.0,0,0,0,1,N/A,NO
2022-01-01 10:59,BTCUSDT,1m,BEAR_ABSORPTION,SHORT,46880.01,46902.89,46868.71,46871.08,BEAR,8.0052,0.16,-4.5094,0.5633,46870.0,0,7,0,3,NO,NO
2022-01-01 11:00,BTCUSDT,1m,BULL_ABSORPTION,LONG,46871.09,46889.69,46863.31,46882.54,BULL,19.112,0.381,-8.682,0.4543,46865.0,0,0,0,2,NO,NO
2022-01-01 11:01,BTCUSDT,1m,BEAR_ABSORPTION,SHORT,46882.04,46907.59,46864.02,46867.26,BEAR,34.3395,0.685,-11.3319,0.33,46865.0,0,0,0,2,NO,NO
2022-01-01 11:02,BTCUSDT,1m,BULL_ABSORPTION,LONG,46871.66,46893.38,46862.41,46891.21,BULL,19.9722,0.398,-1.017,0.0509,46860.0,0,0,0,2,YES,NO
2022-01-01 11:03,BTCUSDT,1m,EXHAUSTION_BULL,SHORT,46891.2,46929.44,46882.6,46925.07,BULL,6.0615,0.121,2.5461,0.42,46885.0,0,0,0,1,NO,NO
2022-01-01 11:04,BTCUSDT,1m,NONE,—,46925.08,46945.18,46923.95,46940.31,BULL,5.0512,0.101,0.7824,0.1549,46925.0,0,0,0,1,N/A,NO
2022-01-01 11:05,BTCUSDT,1m,BULL_ABSORPTION,LONG,46940.3,46950.0,46932.37,46950.0,BULL,4.91,0.098,0.7628,0.1554,46930.0,0,0,0,1,NO,NO
2022-01-01 11:06,BTCUSDT,1m,BEAR_ABSORPTION,SHORT,46949.99,46960.39,46937.65,46937.66,BEAR,6.574,0.131,-1.669,0.2539,46940.0,0,0,0,2,YES,NO
2022-01-01 11:07,BTCUSDT,1m,BULL_ABSORPTION,LONG,46937.66,46937.66,46865.04,46894.52,BEAR,20.9505,0.418,-8.3685,0.3994,46865.0,0,0,0,1,NO,NO
2022-01-01 11:08,BTCUSDT,1m,BULL_ABSORPTION,LONG,46894.52,46901.87,46874.47,46893.02,BEAR,7.859,0.157,-0.948,0.1206,46875.0,0,0,0,1,YES,NO
2022-01-01 11:09,BTCUSDT,1m,DELTA_DIV,SHORT,46893.02,46918.6,46893.01,46915.0,BULL,8.107,0.162,-1.964,0.2423,46895.0,0,0,0,1,YES,NO
2022-01-01 11:10,BTCUSDT,1m,EXHAUSTION_BEAR,LONG,46915.0,46915.0,46863.59,46863.6,BEAR,5.267,0.105,1.065,0.2022,46865.0,0,0,0,2,YES,NO
2022-01-01 11:11,BTCUSDT,1m,NONE,—,46863.6,46915.0,46863.59,46902.01,BULL,8.179,0.163,0.385,0.0471,46865.0,0,0,0,1,N/A,NO
2022-01-01 11:12,BTCUSDT,1m,NONE,—,46902.01,46908.26,46885.84,46887.96,BEAR,6.1256,0.122,-0.0288,0.0047,46885.0,0,0,0,1,N/A,NO
2022-01-01 11:13,BTCUSDT,1m,NONE,—,46887.96,46897.74,46887.96,46895.21,BULL,2.3058,0.046,-0.097,0.0421,46890.0,0,0,0,1,N/A,NO
2022-01-01 11:14,BTCUSDT,1m,NONE,—,46895.2,46931.7,46890.43,46925.19,BULL,9.432,0.188,0.7728,0.0819,46890.0,0,0,0,1,N/A,NO
2022-01-01 11:15,BTCUSDT,1m,NONE,—,46925.2,46975.95,46915.07,46963.78,BULL,16.3632,0.326,10.98,0.671,46915.0,12,0,0,2,N/A,NO
2022-01-01 11:16,BTCUSDT,1m,NONE,—,46963.79,47007.73,46963.78,46990.45,BULL,18.3978,0.367,4.9374,0.2684,46965.0,0,0,0,1,N/A,NO
2022-01-01 11:17,BTCUSDT,1m,NONE,—,46990.46,46990.46,46950.18,46952.56,BEAR,22.944,0.457,-4.9072,0.2139,46950.0,0,0,0,1,N/A,NO
2022-01-01 11:18,BTCUSDT,1m,NONE,—,46952.56,46970.0,46952.56,46969.99,BULL,10.9116,0.218,1.3608,0.1247,46955.0,0,0,0,1,N/A,NO
2022-01-01 11:19,BTCUSDT,1m,NONE,—,46969.98,46995.0,46965.39,46995.0,BULL,14.445,0.288,-1.2678,0.0878,46965.0,0,0,0,1,N/A,NO
2022-01-01 11:20,BTCUSDT,1m,BULL_ABSORPTION,LONG,46994.99,46995.0,46957.31,46973.88,BEAR,8.8416,0.176,1.7328,0.196,46955.0,0,0,0,1,NO,NO
2022-01-01 11:21,BTCUSDT,1m,NONE,—,46970.06,46987.99,46921.61,46925.59,BEAR,14.7472,0.294,-0.0832,0.0056,46920.0,0,0,0,1,N/A,NO
2022-01-01 11:22,BTCUSDT,1m,BULL_ABSORPTION,LONG,46925.59,46936.0,46898.97,46936.0,BULL,5.4894,0.109,0.7042,0.1283,46900.0,0,0,0,2,NO,NO
2022-01-01 11:23,BTCUSDT,1m,BULL_ABSORPTION,LONG,46930.19,46950.43,46916.03,46925.42,BEAR,11.207,0.223,-6.6304,0.5916,46915.0,0,7,0,3,YES,NO
2022-01-01 11:24,BTCUSDT,1m,BULL_ABSORPTION,LONG,46925.42,46935.53,46911.78,46928.61,BULL,12.1525,0.242,-5.6525,0.4651,46910.0,0,0,0,2,YES,NO
2022-01-01 11:25,BTCUSDT,1m,BULL_ABSORPTION,LONG,46928.6,46934.86,46910.21,46934.37,BULL,5.39,0.107,1.053,0.1954,46910.0,0,0,0,2,YES,NO
2022-01-01 11:26,BTCUSDT,1m,NONE,—,46934.37,46949.59,46934.36,46948.33,BULL,9.0807,0.181,4.0869,0.4501,46935.0,0,0,0,1,N/A,NO
2022-01-01 11:27,BTCUSDT,1m,BULL_ABSORPTION,LONG,46948.32,46951.57,46934.68,46947.49,BEAR,5.9316,0.118,-2.0412,0.3441,46935.0,0,0,0,2,YES,NO
2022-01-01 11:28,BTCUSDT,1m,NONE,—,46947.49,46970.18,46947.0,46965.79,BULL,6.04,0.12,0.385,0.0637,46945.0,0,0,0,1,N/A,NO
2022-01-01 11:29,BTCUSDT,1m,BULL_ABSORPTION,LONG,46965.79,46976.76,46935.0,46956.77,BEAR,9.4768,0.189,-0.7712,0.0814,46935.0,0,0,0,1,YES,NO
2022-01-01 11:30,BTCUSDT,1m,BULL_ABSORPTION,LONG,46956.78,46969.0,46950.16,46966.56,BULL,4.7128,0.094,0.724,0.1536,46950.0,0,0,0,1,NO,NO
2022-01-01 11:31,BTCUSDT,1m,CVD_DIV,SHORT,46968.56,46976.81,46905.38,46909.48,BEAR,6.1698,0.123,-3.0282,0.4908,46905.0,0,0,0,1,YES,NO
2022-01-01 11:32,BTCUSDT,1m,BULL_ABSORPTION,LONG,46909.48,46915.69,46887.96,46908.97,BEAR,6.4458,0.129,0.111,0.0172,46890.0,0,0,0,1,NO,NO
2022-01-01 11:33,BTCUSDT,1m,BEAR_INITIATION,SHORT,46908.97,46910.77,46865.56,46874.61,BEAR,22.6638,0.452,-13.8474,0.611,46865.0,0,9,0,2,NO,NO
2022-01-01 11:34,BTCUSDT,1m,NONE,—,46874.61,46896.13,46868.7,46896.12,BULL,6.6645,0.133,-0.0755,0.0113,46870.0,0,0,0,1,N/A,NO
2022-01-01 11:35,BTCUSDT,1m,BULL_ABSORPTION,LONG,46896.12,46899.57,46887.13,46895.18,BEAR,5.6548,0.113,0.182,0.0322,46885.0,0,0,0,1,NO,NO
2022-01-01 11:36,BTCUSDT,1m,NONE,—,46895.18,46895.18,46850.91,46851.01,BEAR,72.0774,1.437,-38.8836,0.5395,46850.0,0,9,0,2,N/A,NO
2022-01-01 11:37,BTCUSDT,1m,BULL_ABSORPTION,LONG,46851.01,46884.7,46819.9,46873.04,BULL,16.5399,0.33,9.0727,0.5485,46820.0,13,0,0,3,YES,NO
2022-01-01 11:38,BTCUSDT,1m,BULL_INITIATION,LONG,46875.8,46900.0,46873.04,46898.37,BULL,9.727,0.194,5.482,0.5636,46875.0,5,0,0,3,YES,NO
2022-01-01 11:39,BTCUSDT,1m,NONE,—,46896.34,46951.0,46896.34,46939.05,BULL,27.7123,0.553,19.1785,0.6921,46895.0,11,0,0,2,N/A,NO
2022-01-01 11:40,BTCUSDT,1m,EXHAUSTION_BULL,SHORT,46939.05,46986.57,46936.66,46979.51,BULL,9.081,0.181,1.571,0.173,46935.0,0,0,0,1,YES,NO
2022-01-01 11:41,BTCUSDT,1m,CVD_DIV,SHORT,46979.51,46994.24,46957.47,46964.84,BEAR,15.0108,0.299,-6.2818,0.4185,46955.0,0,0,0,1,NO,NO
2022-01-01 11:42,BTCUSDT,1m,BEAR_ABSORPTION,SHORT,46964.84,46980.33,46958.58,46966.8,BULL,6.5528,0.131,1.2656,0.1931,46960.0,0,0,0,1,YES,NO
2022-01-01 11:43,BTCUSDT,1m,EXHAUSTION_BEAR,LONG,46965.84,46976.0,46924.22,46934.46,BEAR,4.387,0.087,-1.253,0.2856,46925.0,0,0,0,2,YES,NO
2022-01-01 11:44,BTCUSDT,1m,CVD_DIV,LONG,46934.46,46956.03,46934.46,46946.36,BULL,5.1784,0.103,2.1088,0.4072,46935.0,0,0,0,1,NO,NO
2022-01-01 11:45,BTCUSDT,1m,BULL_ABSORPTION,LONG,46946.36,46949.98,46935.03,46945.21,BEAR,3.8466,0.077,0.9606,0.2497,46935.0,0,0,0,2,YES,NO
2022-01-01 11:46,BTCUSDT,1m,BEAR_ABSORPTION,SHORT,46945.21,46978.42,46945.21,46953.31,BULL,5.9143,0.118,-0.8981,0.1519,46945.0,0,0,0,1,NO,NO
2022-01-01 11:47,BTCUSDT,1m,CVD_DIV,SHORT,46952.45,46954.47,46950.01,46954.46,BULL,3.5015,0.07,0.8267,0.2361,46950.0,0,0,0,1,YES,NO
2022-01-01 11:48,BTCUSDT,1m,BEAR_ABSORPTION,SHORT,46954.46,46972.41,46950.12,46952.57,BEAR,2.4236,0.048,0.8388,0.3461,46950.0,0,0,0,2,NO,NO
2022-01-01 11:49,BTCUSDT,1m,BULL_ABSORPTION,LONG,46952.56,46967.22,46932.77,46952.84,BULL,4.5528,0.091,0.6426,0.1411,46935.0,0,0,0,2,NO,NO
2022-01-01 11:50,BTCUSDT,1m,DELTA_DIV,LONG,46956.93,46964.04,46937.48,46937.49,BEAR,3.93,0.078,1.881,0.4786,46935.0,0,0,0,2,NO,NO
2022-01-01 11:51,BTCUSDT,1m,NONE,—,46937.49,46942.7,46897.16,46897.17,BEAR,10.2024,0.203,-3.0276,0.2968,46895.0,0,0,0,1,N/A,NO
2022-01-01 11:52,BTCUSDT,1m,BULL_ABSORPTION,LONG,46897.16,46899.26,46878.83,46892.21,BEAR,6.4552,0.129,-4.0,0.6197,46880.0,0,4,0,3,YES,NO
2022-01-01 11:53,BTCUSDT,1m,NONE,—,46892.22,46915.97,46892.21,46909.28,BULL,5.6095,0.112,0.4005,0.0714,46890.0,0,0,0,1,N/A,NO
2022-01-01 11:54,BTCUSDT,1m,CVD_DIV,SHORT,46909.28,46914.27,46789.31,46806.22,BEAR,76.715,1.53,-29.095,0.3793,46790.0,0,0,0,2,NO,NO
2022-01-01 11:55,BTCUSDT,1m,BULL_ABSORPTION,LONG,46804.54,46851.63,46766.63,46851.63,BULL,21.3741,0.426,11.4461,0.5355,46765.0,17,0,0,3,NO,NO
2022-01-01 11:56,BTCUSDT,1m,NONE,—,46851.63,46851.71,46804.75,46807.12,BEAR,7.3368,0.146,-1.8522,0.2525,46805.0,0,0,0,1,N/A,NO
2022-01-01 11:57,BTCUSDT,1m,BULL_ABSORPTION,LONG,46807.12,46824.15,46779.62,46800.0,BEAR,10.1313,0.202,1.9863,0.1961,46780.0,0,0,0,1,NO,NO
2022-01-01 11:58,BTCUSDT,1m,BULL_ABSORPTION,LONG,46800.0,46808.81,46786.95,46794.87,BEAR,4.3752,0.087,0.4272,0.0976,46785.0,0,0,0,1,NO,NO
2022-01-01 11:59,BTCUSDT,1m,NONE,—,46794.88,46794.88,46756.77,46758.87,BEAR,12.2744,0.245,-2.932,0.2389,46755.0,0,0,0,1,N/A,NO
2022-01-01 12:00,BTCUSDT,1m,EXHAUSTION_BULL,SHORT,46758.87,46826.83,46756.3,46825.01,BULL,7.6132,0.152,-0.014,0.0018,46755.0,0,0,0,2,YES,NO
2022-01-01 12:01,BTCUSDT,1m,BULL_ABSORPTION,LONG,46825.01,46825.02,46800.49,46807.99,BEAR,7.629,0.152,-1.635,0.2143,46800.0,0,0,0,2,YES,NO
2022-01-01 12:02,BTCUSDT,1m,BULL_ABSORPTION,LONG,46805.14,46814.42,46761.76,46808.04,BULL,33.5247,0.668,4.1745,0.1245,46760.0,0,0,0,1,NO,NO
2022-01-01 12:03,BTCUSDT,1m,CVD_DIV,LONG,46808.04,46815.26,46792.36,46793.94,BEAR,4.8245,0.096,-2.9825,0.6182,46790.0,0,5,0,2,YES,NO
2022-01-01 12:04,BTCUSDT,1m,BEAR_ABSORPTION,SHORT,46793.94,46826.0,46793.94,46798.81,BULL,5.8866,0.117,0.1902,0.0323,46795.0,0,0,0,1,NO,NO
2022-01-01 12:05,BTCUSDT,1m,DELTA_DIV,SHORT,46798.81,46811.35,46794.12,46803.28,BULL,7.6281,0.152,-2.2575,0.2959,46795.0,0,0,0,1,NO,NO
2022-01-01 12:06,BTCUSDT,1m,CVD_DIV,SHORT,46803.29,46843.41,46797.29,46842.84,BULL,9.6183,0.192,2.1231,0.2207,46795.0,0,0,0,1,NO,NO
2022-01-01 12:07,BTCUSDT,1m,BEAR_ABSORPTION,SHORT,46842.85,46895.41,46839.47,46873.01,BULL,11.5247,0.23,1.4619,0.1268,46840.0,0,0,0,1,NO,NO
2022-01-01 12:08,BTCUSDT,1m,EXHAUSTION_BULL,SHORT,46873.0,46899.15,46873.0,46893.01,BULL,6.215,0.124,4.192,0.6745,46875.0,5,0,0,2,NO,NO
2022-01-01 12:09,BTCUSDT,1m,NONE,—,46893.0,46934.49,46890.95,46925.99,BULL,12.3714,0.247,3.0258,0.2446,46890.0,0,0,0,1,N/A,NO
2022-01-01 12:10,BTCUSDT,1m,BULL_ABSORPTION,LONG,46925.99,46947.36,46920.02,46934.49,BULL,4.6935,0.094,-1.1805,0.2515,46920.0,0,0,0,2,NO,NO
2022-01-01 12:11,BTCUSDT,1m,CVD_DIV,SHORT,46934.49,46936.55,46900.0,46900.0,BEAR,2.9134,0.058,-0.7798,0.2677,46900.0,0,0,0,1,NO,NO
2022-01-01 12:12,BTCUSDT,1m,DELTA_DIV,SHORT,46900.01,46926.33,46900.0,46918.09,BULL,6.3605,0.127,-3.2515,0.5112,46900.0,0,5,0,2,NO,NO
2022-01-01 12:13,BTCUSDT,1m,BULL_ABSORPTION,LONG,46918.09,46933.39,46906.78,46926.8,BULL,3.7055,0.074,1.9455,0.525,46905.0,5,0,0,2,YES,NO
2022-01-01 12:14,BTCUSDT,1m,NONE,—,46926.78,46992.6,46926.78,46990.62,BULL,7.4919,0.149,2.6455,0.3531,46925.0,0,0,0,1,N/A,NO
2022-01-01 12:15,BTCUSDT,1m,NONE,—,46990.14,47012.49,46952.52,46957.23,BEAR,25.2144,0.503,1.0728,0.0425,46955.0,0,0,0,1,N/A,NO
2022-01-01 12:16,BTCUSDT,1m,NONE,—,46957.23,46988.93,46952.52,46976.8,BULL,4.8755,0.097,2.4227,0.4969,46955.0,0,0,0,1,N/A,NO
2022-01-01 12:17,BTCUSDT,1m,NONE,—,46976.8,46989.0,46955.51,46961.84,BEAR,12.6511,0.252,-1.1417,0.0902,46955.0,0,0,0,1,N/A,NO
2022-01-01 12:18,BTCUSDT,1m,BULL_ABSORPTION,LONG,46961.85,46961.85,46900.46,46940.52,BEAR,5.3856,0.107,-2.1,0.3899,46900.0,0,0,0,2,YES,NO
2022-01-01 12:19,BTCUSDT,1m,BEAR_ABSORPTION,SHORT,46940.52,46972.84,46940.51,46946.96,BULL,13.0146,0.259,2.955,0.2271,46940.0,0,0,0,2,NO,NO
2022-01-01 12:20,BTCUSDT,1m,BULL_ABSORPTION,LONG,46946.96,46958.34,46933.42,46950.21,BULL,3.2355,0.065,-1.0295,0.3182,46935.0,0,0,0,2,YES,NO
2022-01-01 12:21,BTCUSDT,1m,NONE,—,46950.22,46972.84,46950.0,46972.83,BULL,3.7545,0.075,0.5355,0.1426,46950.0,0,0,0,1,N/A,NO
2022-01-01 12:22,BTCUSDT,1m,BULL_ABSORPTION,LONG,46972.84,46979.11,46952.4,46963.46,BEAR,4.212,0.084,0.164,0.0389,46950.0,0,0,0,1,NO,NO
2022-01-01 12:23,BTCUSDT,1m,CVD_DIV,LONG,46963.47,46963.47,46924.06,46924.06,BEAR,9.6272,0.192,1.7024,0.1768,46925.0,0,0,0,1,YES,NO
2022-01-01 12:24,BTCUSDT,1m,BULL_ABSORPTION,LONG,46924.07,46940.97,46910.62,46934.25,BULL,8.601,0.171,1.8342,0.2133,46910.0,0,0,0,2,NO,NO
2022-01-01 12:25,BTCUSDT,1m,NONE,—,46935.16,46944.29,46928.75,46930.98,BEAR,4.7898,0.095,-0.1758,0.0367,46930.0,0,0,0,1,N/A,NO
2022-01-01 12:26,BTCUSDT,1m,NONE,—,46930.98,46930.99,46884.87,46884.87,BEAR,5.9445,0.119,-2.5389,0.4271,46885.0,0,0,0,1,N/A,NO
2022-01-01 12:27,BTCUSDT,1m,NONE,—,46884.88,46920.0,46884.87,46910.12,BULL,3.402,0.068,-0.1008,0.0296,46885.0,0,0,0,1,N/A,NO
2022-01-01 12:28,BTCUSDT,1m,NONE,—,46910.11,46936.6,46906.5,46936.6,BULL,6.564,0.131,1.8552,0.2826,46905.0,0,0,0,1,N/A,NO
2022-01-01 12:29,BTCUSDT,1m,NONE,—,46936.6,46959.98,46929.99,46959.51,BULL,8.7276,0.174,-0.5808,0.0665,46930.0,0,0,0,1,N/A,NO
2022-01-01 12:30,BTCUSDT,1m,NONE,—,46959.51,47000.0,46941.2,47000.0,BULL,20.2572,0.404,-2.25,0.1111,46940.0,0,0,0,1,N/A,NO
2022-01-01 12:31,BTCUSDT,1m,CVD_DIV,SHORT,46999.99,47089.65,46999.99,47088.33,BULL,36.0648,0.719,-6.1128,0.1695,47000.0,0,0,0,1,YES,NO
2022-01-01 12:32,BTCUSDT,1m,BEAR_ABSORPTION,SHORT,47088.34,47150.48,47063.26,47074.4,BEAR,62.6671,1.249,38.5985,0.6159,47065.0,17,0,0,3,YES,NO
2022-01-01 12:33,BTCUSDT,1m,NONE,—,47074.4,47074.41,47033.98,47039.16,BEAR,6.3424,0.126,-1.0896,0.1718,47035.0,0,0,0,1,N/A,NO
2022-01-01 12:34,BTCUSDT,1m,BULL_ABSORPTION,LONG,47039.16,47052.58,47020.31,47043.85,BULL,11.2542,0.224,5.1882,0.461,47020.0,0,0,0,2,NO,NO
2022-01-01 12:35,BTCUSDT,1m,BEAR_ABSORPTION,SHORT,47043.85,47058.43,47024.46,47024.47,BEAR,5.1037,0.102,-0.9205,0.1804,47025.0,0,0,0,2,NO,NO
2022-01-01 12:36,BTCUSDT,1m,DELTA_DIV,SHORT,47024.46,47037.08,47024.4,47035.57,BULL,6.7383,0.134,-3.3501,0.4972,47025.0,0,0,0,1,NO,NO
2022-01-01 12:37,BTCUSDT,1m,CVD_DIV,SHORT,47035.56,47059.27,47035.56,47054.65,BULL,6.513,0.13,2.222,0.3412,47035.0,0,0,0,1,YES,NO
2022-01-01 12:38,BTCUSDT,1m,BULL_ABSORPTION,LONG,47054.66,47054.66,47023.25,47042.92,BEAR,9.6384,0.192,-1.2612,0.1309,47025.0,0,0,0,1,NO,NO
2022-01-01 12:39,BTCUSDT,1m,BULL_ABSORPTION,LONG,47042.93,47046.83,47011.13,47035.8,BEAR,10.5392,0.21,-4.977,0.4722,47010.0,0,0,0,1,NO,NO
2022-01-01 12:40,BTCUSDT,1m,BEAR_ABSORPTION,SHORT,47035.8,47062.37,47023.54,47032.85,BEAR,9.1384,0.182,-1.2312,0.1347,47025.0,0,0,0,1,YES,NO
2022-01-01 12:41,BTCUSDT,1m,BEAR_ABSORPTION,SHORT,47032.84,47050.49,47020.03,47020.03,BEAR,17.3028,0.345,5.0304,0.2907,47020.0,0,0,0,2,NO,NO
2022-01-01 12:42,BTCUSDT,1m,EXHAUSTION_BEAR,LONG,47020.03,47049.62,47020.02,47037.8,BULL,5.4738,0.109,1.6314,0.298,47020.0,0,0,0,2,NO,NO
2022-01-01 12:43,BTCUSDT,1m,BEAR_INITIATION,SHORT,47037.8,47037.81,47025.0,47025.01,BEAR,8.259,0.165,-4.3134,0.5223,47025.0,0,3,0,1,YES,NO
2022-01-01 12:44,BTCUSDT,1m,NONE,—,47025.0,47025.01,47008.32,47008.32,BEAR,7.2555,0.145,-3.3807,0.4659,47010.0,0,0,0,1,N/A,NO
2022-01-01 12:45,BTCUSDT,1m,NONE,—,47008.32,47037.58,47007.01,47037.57,BULL,7.1694,0.143,2.7258,0.3802,47005.0,0,0,0,1,N/A,NO
2022-01-01 12:46,BTCUSDT,1m,BULL_ABSORPTION,LONG,47037.57,47049.5,47024.6,47049.49,BULL,9.6555,0.193,-1.4475,0.1499,47025.0,0,0,0,1,YES,NO
2022-01-01 12:47,BTCUSDT,1m,NONE,—,47049.5,47069.49,47049.49,47069.45,BULL,6.9604,0.139,0.1052,0.0151,47050.0,0,0,0,1,N/A,NO
2022-01-01 12:48,BTCUSDT,1m,BULL_ABSORPTION,LONG,47069.44,47069.49,47055.39,47068.27,BEAR,6.129,0.122,0.2748,0.0448,47055.0,0,0,0,1,YES,NO
2022-01-01 12:49,BTCUSDT,1m,NONE,—,47068.26,47100.0,47068.26,47099.99,BULL,7.4082,0.148,1.4082,0.1901,47070.0,0,0,0,1,N/A,NO
2022-01-01 12:50,BTCUSDT,1m,BEAR_ABSORPTION,SHORT,47099.99,47128.43,47099.99,47111.1,BULL,9.009,0.18,-1.4802,0.1643,47100.0,0,0,0,2,YES,NO
2022-01-01 12:51,BTCUSDT,1m,BULL_ABSORPTION,LONG,47111.11,47111.11,47096.73,47105.96,BEAR,7.9002,0.158,-1.602,0.2028,47095.0,0,0,0,2,YES,NO
2022-01-01 12:52,BTCUSDT,1m,BEAR_ABSORPTION,SHORT,47105.96,47133.78,47105.79,47115.72,BULL,6.7272,0.134,-0.528,0.0785,47105.0,0,0,0,1,YES,NO
2022-01-01 12:53,BTCUSDT,1m,CVD_DIV,SHORT,47115.72,47129.43,47068.27,47071.83,BEAR,11.1516,0.222,-1.926,0.1727,47070.0,0,0,0,1,NO,NO
2022-01-01 12:54,BTCUSDT,1m,BULL_ABSORPTION,LONG,47073.6,47086.21,47056.24,47081.3,BULL,6.2688,0.125,-2.3256,0.371,47055.0,0,0,0,2,NO,NO
2022-01-01 12:55,BTCUSDT,1m,NONE,—,47081.3,47081.3,47050.0,47050.01,BEAR,4.9992,0.1,-0.69,0.138,47050.0,0,0,0,1,N/A,NO
2022-01-01 12:56,BTCUSDT,1m,BULL_ABSORPTION,LONG,47050.02,47072.38,47039.7,47065.82,BULL,5.7134,0.114,0.8386,0.1468,47040.0,0,0,0,1,NO,NO
2022-01-01 12:57,BTCUSDT,1m,BEAR_ABSORPTION,SHORT,47065.83,47087.25,47065.04,47065.05,BEAR,4.6024,0.092,-0.7352,0.1597,47065.0,0,0,0,1,NO,NO
2022-01-01 12:58,BTCUSDT,1m,NONE,—,47065.04,47126.21,47065.04,47122.25,BULL,5.4612,0.109,0.5148,0.0943,47065.0,0,0,0,1,N/A,NO
2022-01-01 12:59,BTCUSDT,1m,CVD_DIV,SHORT,47122.25,47122.25,47073.22,47074.05,BEAR,8.445,0.168,-2.501,0.2962,47075.0,0,0,0,1,NO,NO
2022-01-01 13:00,BTCUSDT,1m,NONE,—,47074.05,47150.0,47074.05,47136.1,BULL,12.2565,0.244,3.8535,0.3144,47075.0,0,0,0,1,N/A,NO
2022-01-01 13:01,BTCUSDT,1m,BULL_ABSORPTION,LONG,47136.11,47147.96,47125.39,47146.67,BULL,4.4735,0.089,-1.1245,0.2514,47125.0,0,0,0,2,NO,NO
2022-01-01 13:02,BTCUSDT,1m,BULL_ABSORPTION,LONG,47146.66,47150.0,47126.26,47143.48,BEAR,6.5775,0.131,-0.7885,0.1199,47125.0,0,0,0,1,NO,NO
2022-01-01 13:03,BTCUSDT,1m,NONE,—,47143.48,47143.93,47057.28,47068.18,BEAR,12.8095,0.255,-6.9037,0.539,47055.0,0,17,0,2,N/A,NO
2022-01-01 13:04,BTCUSDT,1m,EXHAUSTION_BEAR,LONG,47068.18,47075.68,47034.55,47038.06,BEAR,8.2616,0.165,1.5176,0.1837,47035.0,0,0,0,1,YES,NO
2022-01-01 13:05,BTCUSDT,1m,BULL_ABSORPTION,LONG,47038.06,47043.72,47021.79,47043.72,BULL,6.0444,0.121,-0.55,0.091,47020.0,0,0,0,1,YES,NO
2022-01-01 13:06,BTCUSDT,1m,NONE,—,47043.72,47073.05,47043.71,47065.23,BULL,3.1428,0.063,0.3096,0.0985,47045.0,0,0,0,1,N/A,NO
2022-01-01 13:07,BTCUSDT,1m,CVD_DIV,SHORT,47065.23,47065.23,47043.71,47045.93,BEAR,6.8752,0.137,-3.7312,0.5427,47045.0,0,4,0,2,YES,NO
2022-01-01 13:08,BTCUSDT,1m,BULL_ABSORPTION,LONG,47045.93,47047.18,47028.51,47045.43,BEAR,3.764,0.075,0.9296,0.247,47030.0,0,0,0,2,NO,NO
2022-01-01 13:09,BTCUSDT,1m,NONE,—,47045.44,47050.49,47040.03,47041.87,BEAR,2.3658,0.047,0.3414,0.1443,47040.0,0,0,0,1,N/A,NO
2022-01-01 13:10,BTCUSDT,1m,NONE,—,47041.88,47067.37,47041.87,47055.89,BULL,6.9585,0.139,2.1335,0.3066,47040.0,0,0,0,1,N/A,NO
2022-01-01 13:11,BTCUSDT,1m,BEAR_ABSORPTION,SHORT,47055.9,47079.99,47055.76,47066.78,BULL,4.277,0.085,-0.283,0.0662,47055.0,0,0,0,2,NO,NO
2022-01-01 13:12,BTCUSDT,1m,NONE,—,47066.79,47120.18,47066.78,47105.27,BULL,8.2951,0.165,2.3089,0.2783,47065.0,0,0,0,1,N/A,NO
2022-01-01 13:13,BTCUSDT,1m,BULL_ABSORPTION,LONG,47105.26,47109.99,47083.2,47101.86,BEAR,5.258,0.105,0.342,0.065,47085.0,0,0,0,1,YES,NO
2022-01-01 13:14,BTCUSDT,1m,NONE,—,47101.86,47143.93,47101.86,47141.5,BULL,14.4992,0.289,5.6416,0.3891,47100.0,0,0,0,1,N/A,NO
2022-01-01 13:15,BTCUSDT,1m,NONE,—,47141.51,47141.51,47106.25,47112.76,BEAR,7.7224,0.154,-3.7268,0.4826,47105.0,0,0,0,1,N/A,NO
2022-01-01 13:16,BTCUSDT,1m,CVD_DIV,LONG,47112.76,47198.27,47101.49,47181.29,BULL,27.8768,0.556,20.5618,0.7376,47100.0,19,0,0,2,YES,NO
2022-01-01 13:17,BTCUSDT,1m,BEAR_ABSORPTION,SHORT,47179.23,47199.67,47169.89,47183.3,BULL,9.4362,0.188,-2.3334,0.2473,47170.0,0,0,0,2,YES,NO
2022-01-01 13:18,BTCUSDT,1m,BULL_ABSORPTION,LONG,47183.3,47192.83,47141.5,47161.07,BEAR,9.447,0.188,-0.973,0.103,47140.0,0,0,0,1,NO,NO
2022-01-01 13:19,BTCUSDT,1m,BULL_ABSORPTION,LONG,47161.08,47167.21,47146.39,47150.84,BEAR,3.9784,0.079,0.4008,0.1007,47145.0,0,0,0,1,NO,NO
2022-01-01 13:20,BTCUSDT,1m,BULL_ABSORPTION,LONG,47150.84,47160.0,47132.48,47141.76,BEAR,3.3864,0.068,0.1344,0.0397,47130.0,0,0,0,1,NO,NO
2022-01-01 13:21,BTCUSDT,1m,NONE,—,47141.76,47141.77,47096.49,47096.5,BEAR,8.676,0.173,-4.8528,0.5593,47095.0,0,9,0,2,N/A,NO
2022-01-01 13:22,BTCUSDT,1m,BEAR_ABSORPTION,SHORT,47096.5,47127.5,47092.67,47106.85,BULL,8.0241,0.16,1.4021,0.1747,47095.0,0,0,0,1,NO,NO
2022-01-01 13:23,BTCUSDT,1m,BULL_ABSORPTION,LONG,47109.12,47123.95,47102.37,47114.65,BULL,6.4348,0.128,1.134,0.1762,47100.0,0,0,0,1,NO,NO
2022-01-01 13:24,BTCUSDT,1m,BULL_ABSORPTION,LONG,47114.66,47121.36,47060.54,47080.01,BEAR,9.1728,0.183,-3.4536,0.3765,47060.0,0,0,0,1,NO,NO
2022-01-01 13:25,BTCUSDT,1m,NONE,—,47080.01,47091.52,47000.7,47023.34,BEAR,30.1446,0.601,-14.481,0.4804,47000.0,0,0,0,1,N/A,NO
2022-01-01 13:26,BTCUSDT,1m,BULL_ABSORPTION,LONG,47023.34,47025.94,47012.16,47015.86,BEAR,4.0293,0.08,-0.9315,0.2312,47010.0,0,0,0,1,YES,NO
2022-01-01 13:27,BTCUSDT,1m,BULL_ABSORPTION,LONG,47015.87,47047.85,46983.01,47038.03,BULL,12.48,0.249,-0.338,0.0271,46985.0,0,0,0,1,YES,NO
2022-01-01 13:28,BTCUSDT,1m,BULL_ABSORPTION,LONG,47038.03,47047.91,47025.82,47047.9,BULL,2.9056,0.058,-1.0048,0.3458,47025.0,0,0,0,2,NO,NO
2022-01-01 13:29,BTCUSDT,1m,CVD_DIV,SHORT,47047.91,47049.37,47022.58,47022.59,BEAR,4.402,0.088,-1.909,0.4337,47025.0,0,0,0,1,NO,NO
2022-01-01 13:30,BTCUSDT,1m,BEAR_ABSORPTION,SHORT,47022.59,47050.0,47022.58,47039.9,BULL,4.497,0.09,0.223,0.0496,47025.0,0,0,0,1,YES,NO
2022-01-01 13:31,BTCUSDT,1m,NONE,—,47039.91,47046.44,46992.82,47000.01,BEAR,5.5902,0.111,-1.199,0.2145,46995.0,0,0,0,1,N/A,NO
2022-01-01 13:32,BTCUSDT,1m,BULL_ABSORPTION,LONG,47000.0,47000.01,46988.85,46999.98,BEAR,3.3712,0.067,0.1688,0.0501,46990.0,0,0,0,2,NO,NO
2022-01-01 13:33,BTCUSDT,1m,BULL_ABSORPTION,LONG,46999.98,47000.0,46935.09,46975.61,BEAR,23.6873,0.472,-3.4151,0.1442,46935.0,0,0,0,1,YES,NO
2022-01-01 13:34,BTCUSDT,1m,BULL_ABSORPTION,LONG,46975.55,46986.43,46969.58,46983.83,BULL,5.4606,0.109,-1.6206,0.2968,46970.0,0,0,0,2,YES,NO
2022-01-01 13:35,BTCUSDT,1m,BULL_ABSORPTION,LONG,46983.82,46988.17,46965.0,46988.17,BULL,3.9205,0.078,0.7325,0.1868,46965.0,0,0,0,1,YES,NO
2022-01-01 13:36,BTCUSDT,1m,NONE,—,46983.82,47048.53,46983.82,47045.43,BULL,6.1087,0.122,0.0507,0.0083,46985.0,0,0,0,1,N/A,NO
2022-01-01 13:37,BTCUSDT,1m,BULL_ABSORPTION,LONG,47045.43,47066.0,47036.44,47060.29,BULL,5.8548,0.117,0.9756,0.1666,47035.0,0,0,0,1,NO,NO
2022-01-01 13:38,BTCUSDT,1m,BULL_ABSORPTION,LONG,47060.29,47064.99,47046.32,47060.29,BEAR,4.3796,0.087,-0.9116,0.2081,47045.0,0,0,0,1,NO,NO
2022-01-01 13:39,BTCUSDT,1m,BULL_ABSORPTION,LONG,47060.29,47060.3,47037.49,47048.04,BEAR,5.225,0.104,-2.351,0.45,47035.0,0,0,0,1,YES,NO
2022-01-01 13:40,BTCUSDT,1m,BULL_ABSORPTION,LONG,47048.04,47060.3,47029.03,47060.3,BULL,10.8234,0.216,-2.8986,0.2678,47030.0,0,0,0,2,YES,NO
2022-01-01 13:41,BTCUSDT,1m,BULL_ABSORPTION,LONG,47060.28,47070.31,47047.74,47064.88,BULL,8.644,0.172,2.53,0.2927,47050.0,0,0,0,2,YES,NO
2022-01-01 13:42,BTCUSDT,1m,BULL_ABSORPTION,LONG,47064.89,47070.31,47055.29,47067.82,BULL,5.3784,0.107,1.4406,0.2678,47055.0,0,0,0,1,YES,NO
2022-01-01 13:43,BTCUSDT,1m,BULL_ABSORPTION,LONG,47067.82,47067.83,47046.95,47067.83,BULL,5.7444,0.115,-0.3108,0.0541,47045.0,0,0,0,1,NO,NO
2022-01-01 13:44,BTCUSDT,1m,BEAR_ABSORPTION,SHORT,47067.83,47095.48,47062.44,47067.11,BEAR,8.638,0.172,2.968,0.3436,47060.0,0,0,0,2,YES,NO
2022-01-01 13:45,BTCUSDT,1m,BULL_ABSORPTION,LONG,47067.1,47067.13,47027.4,47055.29,BEAR,10.46,0.209,0.9912,0.0948,47025.0,0,0,0,1,NO,NO
2022-01-01 13:46,BTCUSDT,1m,BEAR_ABSORPTION,SHORT,47055.29,47076.96,47041.88,47046.44,BEAR,7.4389,0.148,-4.0649,0.5464,47040.0,0,7,0,2,NO,NO
2022-01-01 13:47,BTCUSDT,1m,BEAR_ABSORPTION,SHORT,47046.44,47080.12,47046.44,47057.79,BULL,5.8884,0.117,2.52,0.428,47045.0,0,0,0,2,YES,NO
2022-01-01 13:48,BTCUSDT,1m,DELTA_DIV,LONG,47057.8,47064.85,47039.34,47042.84,BEAR,8.155,0.163,1.65,0.2023,47040.0,0,0,0,2,NO,NO
2022-01-01 13:49,BTCUSDT,1m,NONE,—,47042.84,47053.78,47005.0,47011.6,BEAR,6.9,0.138,-3.932,0.5699,47005.0,0,10,0,2,N/A,NO
2022-01-01 13:50,BTCUSDT,1m,NONE,—,47011.61,47020.0,46975.01,46986.18,BEAR,11.2275,0.224,-7.5357,0.6712,46975.0,0,9,0,2,N/A,NO
2022-01-01 13:51,BTCUSDT,1m,BEAR_ABSORPTION,SHORT,46986.18,47002.0,46976.81,46976.82,BEAR,3.2695,0.065,-1.1095,0.3393,46975.0,0,0,0,1,NO,NO
2022-01-01 13:52,BTCUSDT,1m,BEAR_ABSORPTION,SHORT,46976.82,46999.97,46974.13,46989.64,BULL,4.0415,0.081,-0.2785,0.0689,46975.0,0,0,0,1,YES,NO
2022-01-01 13:53,BTCUSDT,1m,BULL_ABSORPTION,LONG,46989.63,47000.0,46978.8,46989.55,BEAR,6.4612,0.129,-0.2156,0.0334,46980.0,0,0,0,2,NO,NO
2022-01-01 13:54,BTCUSDT,1m,NONE,—,46989.55,46992.88,46968.02,46972.15,BEAR,6.7785,0.135,-0.2355,0.0347,46970.0,0,0,0,1,N/A,NO
2022-01-01 13:55,BTCUSDT,1m,BEAR_ABSORPTION,SHORT,46972.15,46999.2,46967.91,46974.24,BULL,6.5082,0.13,0.6642,0.1021,46970.0,0,0,0,1,NO,NO
2022-01-01 13:56,BTCUSDT,1m,DELTA_DIV,SHORT,46974.24,46993.0,46971.84,46984.56,BULL,2.9028,0.058,-1.69,0.5822,46970.0,0,4,0,3,NO,NO
2022-01-01 13:57,BTCUSDT,1m,NONE,—,46984.57,46998.88,46984.56,46997.94,BULL,2.4453,0.049,-0.2859,0.1169,46985.0,0,0,0,1,N/A,NO
2022-01-01 13:58,BTCUSDT,1m,BEAR_ABSORPTION,SHORT,46997.94,47039.36,46997.93,47022.47,BULL,5.5048,0.11,0.764,0.1388,47000.0,0,0,0,1,YES,NO
2022-01-01 13:59,BTCUSDT,1m,BEAR_ABSORPTION,SHORT,47023.58,47039.35,47022.47,47023.24,BEAR,4.8636,0.097,1.7598,0.3618,47020.0,0,0,0,2,NO,NO
2022-01-01 14:00,BTCUSDT,1m,BEAR_ABSORPTION,SHORT,47023.24,47049.72,47012.63,47033.08,BULL,9.7209,0.194,-0.1225,0.0126,47015.0,0,0,0,1,NO,NO
2022-01-01 14:01,BTCUSDT,1m,BULL_ABSORPTION,LONG,47033.08,47050.0,47025.78,47033.11,BULL,8.78,0.175,1.987,0.2263,47025.0,0,0,0,2,YES,NO
2022-01-01 14:02,BTCUSDT,1m,EXHAUSTION_BULL,SHORT,47033.11,47066.89,47029.41,47052.17,BULL,3.9347,0.078,0.4585,0.1165,47030.0,0,0,0,1,YES,NO
2022-01-01 14:03,BTCUSDT,1m,CVD_DIV,SHORT,47052.17,47063.7,47018.48,47024.04,BEAR,10.8504,0.216,-8.3484,0.7694,47020.0,0,9,0,2,YES,NO
2022-01-01 14:04,BTCUSDT,1m,BEAR_ABSORPTION,SHORT,47024.03,47040.0,47013.61,47018.73,BEAR,8.8805,0.177,-1.7495,0.197,47015.0,0,0,0,1,YES,NO
2022-01-01 14:05,BTCUSDT,1m,NONE,—,47018.73,47018.73,46950.0,46960.01,BEAR,10.2802,0.205,-4.7446,0.4615,46950.0,0,0,0,1,N/A,NO
2022-01-01 14:06,BTCUSDT,1m,NONE,—,46960.0,46984.69,46950.0,46984.68,BULL,4.2504,0.085,1.344,0.3162,46950.0,0,0,0,1,N/A,NO
2022-01-01 14:07,BTCUSDT,1m,BULL_ABSORPTION,LONG,46984.68,46992.42,46962.5,46977.05,BEAR,5.6886,0.113,-2.2014,0.387,46960.0,0,0,0,1,NO,NO
2022-01-01 14:08,BTCUSDT,1m,NONE,—,46977.05,46982.15,46969.39,46969.39,BEAR,7.2414,0.144,-3.9306,0.5428,46970.0,0,3,0,1,N/A,NO
2022-01-01 14:09,BTCUSDT,1m,NONE,—,46969.4,46982.14,46967.51,46979.5,BULL,4.2462,0.085,0.1794,0.0422,46970.0,0,0,0,1,N/A,NO
2022-01-01 14:10,BTCUSDT,1m,DELTA_DIV,SHORT,46979.49,47025.69,46979.49,47013.28,BULL,12.726,0.254,-2.5614,0.2013,46980.0,0,0,0,2,YES,NO
2022-01-01 14:11,BTCUSDT,1m,BEAR_ABSORPTION,SHORT,47013.28,47031.17,47002.52,47010.74,BEAR,5.3994,0.108,-2.5962,0.4808,47005.0,0,0,0,2,YES,NO
2022-01-01 14:12,BTCUSDT,1m,NONE,—,47012.28,47013.94,46978.03,46987.59,BEAR,5.6182,0.112,-0.3402,0.0606,46980.0,0,0,0,1,N/A,NO
2022-01-01 14:13,BTCUSDT,1m,BULL_ABSORPTION,LONG,46987.59,46991.38,46981.59,46991.38,BULL,2.9228,0.058,-0.86,0.2942,46980.0,0,0,0,2,NO,NO
2022-01-01 14:14,BTCUSDT,1m,NONE,—,46988.23,46992.55,46966.0,46969.74,BEAR,3.1345,0.062,-0.2545,0.0812,46965.0,0,0,0,1,N/A,NO
2022-01-01 14:15,BTCUSDT,1m,DELTA_DIV,SHORT,46969.73,46987.51,46967.54,46984.04,BULL,6.9392,0.138,-4.4304,0.6385,46970.0,0,4,0,2,NO,NO
2022-01-01 14:16,BTCUSDT,1m,CVD_DIV,SHORT,46984.04,47046.86,46984.04,47045.94,BULL,7.1201,0.142,1.3247,0.1861,46985.0,0,0,0,1,YES,NO
2022-01-01 14:17,BTCUSDT,1m,BEAR_ABSORPTION,SHORT,47045.94,47067.34,47040.55,47040.55,BEAR,10.591,0.211,-0.775,0.0732,47040.0,0,0,0,1,YES,NO
2022-01-01 14:18,BTCUSDT,1m,BULL_ABSORPTION,LONG,47040.55,47040.56,47026.4,47038.6,BEAR,2.8119,0.056,-0.8079,0.2873,47025.0,0,0,0,1,NO,NO
2022-01-01 14:19,BTCUSDT,1m,NONE,—,47038.6,47045.77,46984.35,47000.09,BEAR,11.1408,0.222,-1.8408,0.1652,46985.0,0,0,0,1,N/A,NO
2022-01-01 14:20,BTCUSDT,1m,BULL_ABSORPTION,LONG,47000.08,47027.94,46984.09,47027.94,BULL,7.0776,0.141,-0.6048,0.0855,46985.0,0,0,0,2,YES,NO
2022-01-01 14:21,BTCUSDT,1m,DELTA_DIV,SHORT,47027.94,47079.51,47020.84,47070.49,BULL,10.8708,0.217,-3.078,0.2831,47020.0,0,0,0,2,NO,NO
2022-01-01 14:22,BTCUSDT,1m,CVD_DIV,SHORT,47070.48,47100.0,47063.34,47099.99,BULL,10.0247,0.2,-1.5827,0.1579,47065.0,0,0,0,1,YES,NO
2022-01-01 14:23,BTCUSDT,1m,CVD_DIV,SHORT,47099.99,47100.0,47057.24,47057.24,BEAR,9.9486,0.198,-7.0326,0.7069,47055.0,0,9,0,2,NO,NO
2022-01-01 14:24,BTCUSDT,1m,EXHAUSTION_BEAR,LONG,47057.4,47080.8,47050.04,47080.79,BULL,6.2838,0.125,3.5838,0.5703,47050.0,6,0,0,2,NO,NO
2022-01-01 14:25,BTCUSDT,1m,NONE,—,47080.8,47080.8,47034.45,47048.73,BEAR,5.7843,0.115,0.7533,0.1302,47035.0,0,0,0,1,N/A,NO
2022-01-01 14:26,BTCUSDT,1m,NONE,—,47048.73,47052.44,47027.88,47030.35,BEAR,5.03,0.1,-2.48,0.493,47030.0,0,0,0,1,N/A,NO
2022-01-01 14:27,BTCUSDT,1m,BEAR_ABSORPTION,SHORT,47027.88,47058.99,47018.33,47021.68,BEAR,6.9616,0.139,-2.44,0.3505,47020.0,0,0,0,1,YES,NO
2022-01-01 14:28,BTCUSDT,1m,BEAR_ABSORPTION,SHORT,47021.68,47043.66,47009.53,47010.01,BEAR,6.9902,0.139,-1.1928,0.1706,47010.0,0,0,0,1,NO,NO
2022-01-01 14:29,BTCUSDT,1m,BEAR_ABSORPTION,SHORT,47009.53,47037.67,47004.14,47024.1,BULL,5.9836,0.119,-0.3486,0.0583,47005.0,0,0,0,1,YES,NO
2022-01-01 14:30,BTCUSDT,1m,NONE,—,47024.11,47031.9,47002.06,47008.05,BEAR,4.6692,0.093,-0.102,0.0218,47000.0,0,0,0,1,N/A,NO
2022-01-01 14:31,BTCUSDT,1m,NONE,—,47007.09,47021.0,46967.29,46967.3,BEAR,8.448,0.168,-2.2704,0.2687,46965.0,0,0,0,1,N/A,NO
2022-01-01 14:32,BTCUSDT,1m,BULL_ABSORPTION,LONG,46967.29,46972.54,46948.35,46956.49,BEAR,4.1965,0.084,0.9505,0.2265,46950.0,0,0,0,2,NO,NO
2022-01-01 14:33,BTCUSDT,1m,BULL_ABSORPTION,LONG,46956.48,46956.49,46884.71,46908.05,BEAR,20.3938,0.407,-4.6298,0.227,46885.0,0,0,0,1,NO,NO
2022-01-01 14:34,BTCUSDT,1m,BULL_ABSORPTION,LONG,46908.05,46922.6,46875.76,46898.82,BEAR,16.7418,0.334,2.0736,0.1239,46875.0,0,0,0,1,NO,NO
2022-01-01 14:35,BTCUSDT,1m,BULL_ABSORPTION,LONG,46898.82,46908.13,46850.18,46880.17,BEAR,17.8164,0.355,-7.9884,0.4484,46850.0,0,0,0,1,YES,NO
2022-01-01 14:36,BTCUSDT,1m,DELTA_DIV,SHORT,46880.18,46914.61,46876.37,46906.87,BULL,5.6368,0.112,-1.592,0.2824,46875.0,0,0,0,1,NO,NO
2022-01-01 14:37,BTCUSDT,1m,BULL_ABSORPTION,LONG,46906.87,46926.22,46891.93,46908.23,BULL,4.6676,0.093,1.5008,0.3215,46890.0,0,0,0,2,YES,NO
2022-01-01 14:38,BTCUSDT,1m,BULL_ABSORPTION,LONG,46908.23,46924.08,46896.26,46912.0,BULL,2.8734,0.057,-0.6042,0.2103,46895.0,0,0,0,2,NO,NO
2022-01-01 14:39,BTCUSDT,1m,DELTA_DIV,LONG,46912.0,46920.96,46896.95,46896.96,BEAR,3.426,0.068,0.767,0.2239,46895.0,0,0,0,1,YES,NO
2022-01-01 14:40,BTCUSDT,1m,NONE,—,46896.95,46973.03,46896.95,46965.15,BULL,11.958,0.238,8.454,0.707,46895.0,15,0,0,2,N/A,NO
2022-01-01 14:41,BTCUSDT,1m,BULL_ABSORPTION,LONG,46965.15,46966.06,46927.14,46952.75,BEAR,5.0848,0.101,-1.0592,0.2083,46925.0,0,0,0,1,NO,NO
2022-01-01 14:42,BTCUSDT,1m,BULL_ABSORPTION,LONG,46952.92,46952.92,46921.13,46939.92,BEAR,4.4244,0.088,2.3436,0.5297,46920.0,6,0,0,3,YES,NO
2022-01-01 14:43,BTCUSDT,1m,BULL_ABSORPTION,LONG,46939.92,46960.06,46920.0,46960.06,BULL,2.5608,0.051,0.0184,0.0072,46920.0,0,0,0,2,NO,NO
2022-01-01 14:44,BTCUSDT,1m,DELTA_DIV,LONG,46958.34,46963.16,46901.43,46904.67,BEAR,11.6964,0.233,5.9268,0.5067,46900.0,12,0,0,3,YES,NO
2022-01-01 14:45,BTCUSDT,1m,EXHAUSTION_BEAR,LONG,46904.67,46951.96,46901.23,46943.32,BULL,4.924,0.098,0.448,0.091,46900.0,0,0,0,1,NO,NO
2022-01-01 14:46,BTCUSDT,1m,NONE,—,46943.32,46943.32,46897.55,46913.99,BEAR,4.7781,0.095,-1.2933,0.2707,46900.0,0,0,0,1,N/A,NO
2022-01-01 14:47,BTCUSDT,1m,BULL_ABSORPTION,LONG,46913.99,46919.6,46882.39,46900.0,BEAR,11.0593,0.22,1.3951,0.1261,46880.0,0,0,0,1,YES,NO
2022-01-01 14:48,BTCUSDT,1m,BEAR_ABSORPTION,SHORT,46899.99,46925.53,46899.99,46911.13,BULL,1.6595,0.033,-0.7125,0.4293,46900.0,0,0,0,2,YES,NO
2022-01-01 14:49,BTCUSDT,1m,CVD_DIV,SHORT,46911.13,46922.2,46882.38,46882.39,BEAR,11.9648,0.239,-3.9504,0.3302,46880.0,0,0,0,1,NO,NO
2022-01-01 14:50,BTCUSDT,1m,CVD_DIV,LONG,46882.39,46954.96,46877.04,46945.15,BULL,14.4896,0.289,4.944,0.3412,46875.0,0,0,0,1,NO,NO
2022-01-01 14:51,BTCUSDT,1m,BULL_ABSORPTION,LONG,46947.96,46954.83,46921.7,46930.73,BEAR,3.066,0.061,-1.3244,0.432,46920.0,0,0,0,1,YES,NO
2022-01-01 14:52,BTCUSDT,1m,BULL_ABSORPTION,LONG,46930.73,46953.59,46921.7,46934.94,BULL,7.1628,0.143,-0.6276,0.0876,46920.0,0,0,0,2,YES,NO
2022-01-01 14:53,BTCUSDT,1m,BEAR_ABSORPTION,SHORT,46934.94,46965.5,46932.67,46954.17,BULL,7.7154,0.154,0.8904,0.1154,46935.0,0,0,0,1,YES,NO
2022-01-01 14:54,BTCUSDT,1m,BEAR_ABSORPTION,SHORT,46954.18,46965.0,46948.23,46951.41,BEAR,3.6189,0.072,-0.2727,0.0754,46950.0,0,0,0,1,YES,NO
2022-01-01 14:55,BTCUSDT,1m,BEAR_ABSORPTION,SHORT,46951.4,46962.02,46950.0,46950.0,BEAR,4.674,0.093,-1.8312,0.3918,46950.0,0,0,0,1,NO,NO
2022-01-01 14:56,BTCUSDT,1m,BEAR_ABSORPTION,SHORT,46950.0,46961.94,46950.0,46953.46,BULL,2.7542,0.055,1.0514,0.3817,46950.0,0,0,0,1,YES,NO
2022-01-01 14:57,BTCUSDT,1m,BEAR_INITIATION,SHORT,46953.46,46956.14,46930.0,46930.01,BEAR,39.052,0.779,-35.489,0.9088,46930.0,0,5,0,2,NO,NO
2022-01-01 14:58,BTCUSDT,1m,BULL_ABSORPTION,LONG,46930.01,46945.0,46895.4,46942.62,BULL,36.054,0.719,-20.266,0.5621,46895.0,0,10,0,3,NO,NO
2022-01-01 14:59,BTCUSDT,1m,BEAR_ABSORPTION,SHORT,46942.62,46959.99,46920.01,46926.22,BEAR,8.8656,0.177,-3.1456,0.3548,46920.0,0,0,0,2,YES,NO
2022-01-01 15:00,BTCUSDT,1m,BULL_ABSORPTION,LONG,46920.01,46933.49,46871.69,46894.59,BEAR,10.9284,0.218,-6.438,0.5891,46870.0,0,12,0,3,YES,NO
2022-01-01 15:01,BTCUSDT,1m,BULL_ABSORPTION,LONG,46894.59,46904.12,46881.99,46901.1,BULL,5.4428,0.109,-2.1084,0.3874,46880.0,0,0,0,2,YES,NO
2022-01-01 15:02,BTCUSDT,1m,NONE,—,46901.11,46953.17,46893.9,46949.25,BULL,11.316,0.226,1.4136,0.1249,46895.0,0,0,0,1,N/A,NO
2022-01-01 15:03,BTCUSDT,1m,BULL_ABSORPTION,LONG,46949.25,46953.24,46914.49,46951.82,BULL,10.9496,0.218,1.5768,0.144,46915.0,0,0,0,1,NO,NO
2022-01-01 15:04,BTCUSDT,1m,BULL_ABSORPTION,LONG,46951.83,46964.71,46943.45,46951.76,BEAR,10.1016,0.201,1.916,0.1897,46945.0,0,0,0,2,YES,NO
2022-01-01 15:05,BTCUSDT,1m,BULL_INITIATION,LONG,46951.76,46975.06,46951.76,46969.57,BULL,9.45,0.188,4.956,0.5244,46950.0,5,0,0,2,YES,NO
2022-01-01 15:06,BTCUSDT,1m,NONE,—,46974.01,47009.74,46966.83,46994.4,BULL,18.9585,0.378,7.0497,0.3718,46965.0,0,0,0,1,N/A,NO
2022-01-01 15:07,BTCUSDT,1m,NONE,—,46994.39,46994.4,46969.51,46973.61,BEAR,4.946,0.099,-2.24,0.4529,46970.0,0,0,0,1,N/A,NO
2022-01-01 15:08,BTCUSDT,1m,NONE,—,46973.61,46994.5,46971.45,46994.5,BULL,5.31,0.106,1.894,0.3567,46970.0,0,0,0,1,N/A,NO
2022-01-01 15:09,BTCUSDT,1m,CVD_DIV,LONG,46994.45,46994.46,46951.66,46961.98,BEAR,6.5475,0.131,-1.8675,0.2852,46950.0,0,0,0,1,NO,NO
2022-01-01 15:10,BTCUSDT,1m,EXHAUSTION_BEAR,LONG,46963.89,46968.3,46941.88,46941.89,BEAR,4.154,0.083,0.03,0.0072,46940.0,0,0,0,1,YES,NO
2022-01-01 15:11,BTCUSDT,1m,BULL_ABSORPTION,LONG,46941.89,46949.77,46926.7,46946.68,BULL,9.0415,0.18,0.1285,0.0142,46925.0,0,0,0,1,YES,NO
2022-01-01 15:12,BTCUSDT,1m,NONE,—,46947.28,46964.19,46946.68,46959.0,BULL,3.9628,0.079,1.4052,0.3546,46945.0,0,0,0,1,N/A,NO
2022-01-01 15:13,BTCUSDT,1m,BULL_ABSORPTION,LONG,46958.99,46970.0,46949.01,46966.42,BULL,7.5444,0.15,-0.5956,0.0789,46950.0,0,0,0,1,NO,NO
2022-01-01 15:14,BTCUSDT,1m,BEAR_ABSORPTION,SHORT,46966.42,46977.09,46953.78,46953.79,BEAR,2.924,0.058,-0.639,0.2185,46955.0,0,0,0,2,YES,NO
2022-01-01 15:15,BTCUSDT,1m,BULL_ABSORPTION,LONG,46953.79,46953.79,46920.8,46944.29,BEAR,5.7911,0.115,-0.3577,0.0618,46920.0,0,0,0,1,YES,NO
2022-01-01 15:16,BTCUSDT,1m,CVD_DIV,LONG,46944.28,46979.99,46944.28,46970.66,BULL,5.5405,0.11,1.4637,0.2642,46945.0,0,0,0,1,YES,NO
2022-01-01 15:17,BTCUSDT,1m,BULL_ABSORPTION,LONG,46970.65,46989.0,46966.03,46985.0,BULL,3.094,0.062,0.982,0.3174,46965.0,0,0,0,2,NO,NO
2022-01-01 15:18,BTCUSDT,1m,CVD_DIV,SHORT,46985.01,46989.39,46966.05,46966.07,BEAR,7.264,0.145,-3.048,0.4196,46965.0,0,0,0,1,YES,NO
2022-01-01 15:19,BTCUSDT,1m,EXHAUSTION_BEAR,LONG,46966.06,46966.07,46958.0,46959.99,BEAR,2.342,0.047,-0.2068,0.0883,46960.0,0,0,0,1,YES,NO
2022-01-01 15:20,BTCUSDT,1m,BULL_ABSORPTION,LONG,46960.0,46970.0,46949.86,46970.0,BULL,2.8544,0.057,-1.204,0.4218,46950.0,0,0,0,2,YES,NO
2022-01-01 15:21,BTCUSDT,1m,BEAR_ABSORPTION,SHORT,46970.0,46994.5,46969.99,46973.2,BULL,9.539,0.19,1.081,0.1133,46970.0,0,0,0,1,NO,NO
2022-01-01 15:22,BTCUSDT,1m,BULL_ABSORPTION,LONG,46977.14,46995.91,46970.9,46994.46,BULL,3.5395,0.071,1.1295,0.3191,46970.0,0,0,0,2,NO,NO
2022-01-01 15:23,BTCUSDT,1m,NONE,—,46994.46,47000.0,46983.0,46989.39,BEAR,8.6856,0.173,1.2414,0.1429,46985.0,0,0,0,1,N/A,NO
2022-01-01 15:24,BTCUSDT,1m,BEAR_ABSORPTION,SHORT,46989.39,46993.96,46982.57,46982.58,BEAR,6.2,0.124,-3.1812,0.5131,46985.0,0,2,0,1,NO,NO
2022-01-01 15:25,BTCUSDT,1m,BEAR_ABSORPTION,SHORT,46982.58,46993.95,46982.57,46983.26,BULL,3.8674,0.077,0.673,0.174,46985.0,0,0,0,1,NO,NO
2022-01-01 15:26,BTCUSDT,1m,CVD_DIV,SHORT,46983.26,47024.67,46983.26,47021.96,BULL,4.7656,0.095,-0.7352,0.1543,46985.0,0,0,0,1,YES,NO
2022-01-01 15:27,BTCUSDT,1m,BULL_ABSORPTION,LONG,47021.96,47027.61,47001.47,47012.09,BEAR,8.679,0.173,1.331,0.1534,47000.0,0,0,0,1,NO,NO
2022-01-01 15:28,BTCUSDT,1m,BULL_ABSORPTION,LONG,47012.1,47025.0,46991.4,47004.45,BEAR,5.2738,0.105,-1.365,0.2588,46990.0,0,0,0,2,YES,NO
2022-01-01 15:29,BTCUSDT,1m,CVD_DIV,SHORT,47004.45,47030.0,46998.79,47026.82,BULL,5.0364,0.1,1.05,0.2085,47000.0,0,0,0,1,YES,NO
2022-01-01 15:30,BTCUSDT,1m,CVD_DIV,SHORT,47026.83,47034.33,47002.33,47002.39,BEAR,6.9012,0.138,-2.1972,0.3184,47000.0,0,0,0,1,NO,NO
2022-01-01 15:31,BTCUSDT,1m,CVD_DIV,LONG,47002.38,47037.54,46996.75,47029.56,BULL,23.424,0.467,11.0912,0.4735,46995.0,0,0,0,1,YES,NO
2022-01-01 15:32,BTCUSDT,1m,NONE,—,47029.56,47129.76,47025.03,47118.3,BULL,30.9897,0.618,17.0247,0.5494,47025.0,21,0,0,2,N/A,NO
2022-01-01 15:33,BTCUSDT,1m,NONE,—,47118.29,47200.01,47118.27,47178.86,BULL,88.384,1.762,48.336,0.5469,47120.0,16,0,0,3,N/A,NO
2022-01-01 15:34,BTCUSDT,1m,NONE,—,47178.87,47400.0,47178.86,47328.24,BULL,247.2316,4.929,65.5292,0.2651,47180.0,0,0,0,2,N/A,YES
2022-01-01 15:35,BTCUSDT,1m,BULL_ABSORPTION,LONG,47328.25,47334.53,47275.08,47304.09,BEAR,59.9148,1.195,-9.8388,0.1642,47275.0,0,0,0,1,NO,NO
2022-01-01 15:36,BTCUSDT,1m,BULL_ABSORPTION,LONG,47304.09,47308.27,47252.72,47300.01,BEAR,86.9011,1.733,22.6017,0.2601,47255.0,0,0,0,3,YES,NO
2022-01-01 15:37,BTCUSDT,1m,BULL_ABSORPTION,LONG,47300.0,47304.0,47252.72,47300.02,BULL,94.781,1.89,2.913,0.0307,47255.0,0,0,0,1,YES,NO
2022-01-01 15:38,BTCUSDT,1m,NONE,—,47302.38,47491.14,47283.76,47443.66,BULL,59.6796,1.19,4.9364,0.0827,47285.0,0,0,0,1,N/A,NO
2022-01-01 15:39,BTCUSDT,1m,BULL_ABSORPTION,LONG,47443.66,47449.15,47362.31,47394.64,BEAR,45.7606,0.912,-10.982,0.24,47360.0,0,0,0,2,YES,NO
2022-01-01 15:40,BTCUSDT,1m,BULL_ABSORPTION,LONG,47394.63,47424.24,47350.0,47411.03,BULL,24.927,0.497,-0.144,0.0058,47350.0,0,0,0,1,NO,NO
